subtaskID,datapointID,answer
1,5286,0.03
2,5286,False
3,5286,1424
4,5286,1039
5,5286,65
1,5287,2.03
2,5287,False
3,5287,267
4,5287,1558
5,5287,65
1,5288,1.03
2,5288,True
3,5288,5028
4,5288,1039
5,5288,70
1,5289,7.97
2,5289,False
3,5289,2067
4,5289,1558
5,5289,64
1,5290,1.03
2,5290,False
3,5290,580
4,5290,2688
5,5290,65
1,5291,1.03
2,5291,False
3,5291,1756
4,5291,1558
5,5291,66
1,5292,17.03
2,5292,True
3,5292,3127
4,5292,2688
5,5292,69
1,5293,4.03
2,5293,False
3,5293,5138
4,5293,2688
5,5293,66
1,5294,2.97
2,5294,False
3,5294,3127
4,5294,2688
5,5294,69
1,5295,3.97
2,5295,False
3,5295,2583
4,5295,2688
5,5295,70
1,5296,2.03
2,5296,True
3,5296,1424
4,5296,1039
5,5296,65
1,5297,4.03
2,5297,True
3,5297,3334
4,5297,2688
5,5297,71
1,5298,2.03
2,5298,False
3,5298,2583
4,5298,2688
5,5298,66
1,5299,2.97
2,5299,False
3,5299,360
4,5299,2688
5,5299,64
1,5300,2.97
2,5300,True
3,5300,3670
4,5300,2688
5,5300,64
1,5301,2.97
2,5301,False
3,5301,1536
4,5301,2688
5,5301,64
1,5302,2.03
2,5302,True
3,5302,902
4,5302,1558
5,5302,64
1,5303,5.03
2,5303,True
3,5303,1651
4,5303,2688
5,5303,72
1,5304,1.03
2,5304,True
3,5304,1536
4,5304,1558
5,5304,66
1,5305,8.97
2,5305,False
3,5305,360
4,5305,1558
5,5305,68
1,5306,1.97
2,5306,False
3,5306,55
4,5306,2688
5,5306,66
1,5307,0.03
2,5307,True
3,5307,2166
4,5307,2688
5,5307,69
1,5308,0.97
2,5308,False
3,5308,3670
4,5308,1558
5,5308,62
1,5309,5.97
2,5309,True
3,5309,4101
4,5309,2688
5,5309,64
1,5310,6.97
2,5310,True
3,5310,4914
4,5310,2688
5,5310,65
1,5311,5.03
2,5311,True
3,5311,1651
4,5311,1039
5,5311,73
1,5312,2.97
2,5312,True
3,5312,2583
4,5312,1558
5,5312,69
1,5313,4.03
2,5313,True
3,5313,580
4,5313,1039
5,5313,70
1,5314,0.97
2,5314,False
3,5314,4914
4,5314,1039
5,5314,62
1,5315,10.03
2,5315,False
3,5315,5233
4,5315,1039
5,5315,71
1,5316,1.03
2,5316,False
3,5316,3999
4,5316,2688
5,5316,70
1,5317,0.97
2,5317,True
3,5317,1096
4,5317,1558
5,5317,65
1,5318,3.03
2,5318,False
3,5318,5233
4,5318,2688
5,5318,67
1,5319,16.97
2,5319,True
3,5319,3546
4,5319,2688
5,5319,58
1,5320,3.97
2,5320,False
3,5320,1973
4,5320,1558
5,5320,65
1,5321,3.03
2,5321,True
3,5321,4914
4,5321,1039
5,5321,66
1,5322,0.03
2,5322,False
3,5322,3546
4,5322,2688
5,5322,69
1,5323,6.97
2,5323,True
3,5323,1424
4,5323,1558
5,5323,70
1,5324,5.97
2,5324,False
3,5324,2368
4,5324,2688
5,5324,66
1,5325,0.03
2,5325,True
3,5325,4101
4,5325,2688
5,5325,69
1,5326,0.03
2,5326,False
3,5326,2067
4,5326,2688
5,5326,63
1,5327,5.03
2,5327,False
3,5327,580
4,5327,1558
5,5327,65
1,5328,0.03
2,5328,True
3,5328,3231
4,5328,1039
5,5328,65
1,5329,3.97
2,5329,True
3,5329,1863
4,5329,2688
5,5329,65
1,5330,2.03
2,5330,False
3,5330,4101
4,5330,2688
5,5330,65
1,5331,14.97
2,5331,False
3,5331,902
4,5331,1558
5,5331,66
1,5332,6.97
2,5332,False
3,5332,3127
4,5332,1558
5,5332,63
1,5333,10.03
2,5333,False
3,5333,708
4,5333,1558
5,5333,69
1,5334,10.03
2,5334,True
3,5334,360
4,5334,1039
5,5334,67
1,5335,19.03
2,5335,True
3,5335,1973
4,5335,1039
5,5335,70
1,5336,11.97
2,5336,False
3,5336,810
4,5336,1039
5,5336,62
1,5337,0.03
2,5337,True
3,5337,2689
4,5337,1558
5,5337,66
1,5338,0.97
2,5338,True
3,5338,3670
4,5338,2688
5,5338,62
1,5339,3.97
2,5339,False
3,5339,3999
4,5339,1039
5,5339,68
1,5340,11.03
2,5340,False
3,5340,3670
4,5340,2688
5,5340,68
1,5341,14.97
2,5341,False
3,5341,1756
4,5341,1039
5,5341,61
1,5342,1.03
2,5342,True
3,5342,3893
4,5342,1558
5,5342,63
1,5343,3.03
2,5343,True
3,5343,1003
4,5343,1558
5,5343,68
1,5344,5.97
2,5344,False
3,5344,5233
4,5344,2688
5,5344,66
1,5345,2.03
2,5345,True
3,5345,4199
4,5345,2688
5,5345,70
1,5346,2.03
2,5346,True
3,5346,1323
4,5346,1039
5,5346,71
1,5347,5.03
2,5347,False
3,5347,902
4,5347,2688
5,5347,71
1,5348,0.03
2,5348,True
3,5348,2265
4,5348,1558
5,5348,66
1,5349,6.97
2,5349,False
3,5349,5233
4,5349,1558
5,5349,66
1,5350,1.97
2,5350,True
3,5350,4199
4,5350,1558
5,5350,62
1,5351,2.03
2,5351,True
3,5351,1973
4,5351,2688
5,5351,64
1,5352,14.03
2,5352,False
3,5352,1424
4,5352,1039
5,5352,72
1,5353,10.03
2,5353,False
3,5353,4601
4,5353,2688
5,5353,66
1,5354,0.97
2,5354,False
3,5354,902
4,5354,2688
5,5354,66
1,5355,1.97
2,5355,False
3,5355,3546
4,5355,2688
5,5355,69
1,5356,6.97
2,5356,True
3,5356,2166
4,5356,1039
5,5356,62
1,5357,3.97
2,5357,False
3,5357,2067
4,5357,2688
5,5357,67
1,5358,3.03
2,5358,False
3,5358,4601
4,5358,1558
5,5358,65
1,5359,1.03
2,5359,True
3,5359,1424
4,5359,1558
5,5359,69
1,5360,8.03
2,5360,False
3,5360,580
4,5360,2688
5,5360,71
1,5361,0.97
2,5361,True
3,5361,478
4,5361,1558
5,5361,65
1,5362,2.03
2,5362,False
3,5362,4404
4,5362,1039
5,5362,63
1,5363,7.03
2,5363,True
3,5363,810
4,5363,2688
5,5363,66
1,5364,7.97
2,5364,False
3,5364,2265
4,5364,1039
5,5364,63
1,5365,10.03
2,5365,False
3,5365,360
4,5365,1039
5,5365,67
1,5366,2.03
2,5366,False
3,5366,267
4,5366,1558
5,5366,62
1,5367,3.03
2,5367,False
3,5367,2802
4,5367,2688
5,5367,66
1,5368,2.03
2,5368,True
3,5368,810
4,5368,2688
5,5368,72
1,5369,3.97
2,5369,False
3,5369,4290
4,5369,2688
5,5369,69
1,5370,0.97
2,5370,False
3,5370,3127
4,5370,2688
5,5370,68
1,5371,5.97
2,5371,False
3,5371,4101
4,5371,2688
5,5371,60
1,5372,7.97
2,5372,False
3,5372,810
4,5372,2688
5,5372,62
1,5373,4.97
2,5373,True
3,5373,580
4,5373,2688
5,5373,69
1,5374,10.03
2,5374,False
3,5374,4101
4,5374,1558
5,5374,73
1,5375,3.97
2,5375,True
3,5375,1003
4,5375,2688
5,5375,66
1,5376,0.03
2,5376,False
3,5376,3780
4,5376,1558
5,5376,68
1,5377,16.97
2,5377,False
3,5377,4404
4,5377,1558
5,5377,64
1,5378,5.03
2,5378,False
3,5378,2473
4,5378,1039
5,5378,70
1,5379,8.03
2,5379,False
3,5379,5138
4,5379,1039
5,5379,71
1,5380,4.97
2,5380,False
3,5380,2067
4,5380,2688
5,5380,65
1,5381,0.03
2,5381,True
3,5381,360
4,5381,1558
5,5381,67
1,5382,4.03
2,5382,False
3,5382,3334
4,5382,1558
5,5382,70
1,5383,1.03
2,5383,False
3,5383,3127
4,5383,1558
5,5383,68
1,5384,2.03
2,5384,True
3,5384,3546
4,5384,1558
5,5384,66
1,5385,3.97
2,5385,False
3,5385,4809
4,5385,2688
5,5385,67
1,5386,9.03
2,5386,False
3,5386,580
4,5386,2688
5,5386,73
1,5387,5.03
2,5387,False
3,5387,1207
4,5387,2688
5,5387,69
1,5388,4.97
2,5388,True
3,5388,1323
4,5388,2688
5,5388,68
1,5389,1.97
2,5389,True
3,5389,2689
4,5389,1558
5,5389,69
1,5390,0.03
2,5390,False
3,5390,1651
4,5390,1558
5,5390,68
1,5391,3.03
2,5391,False
3,5391,1651
4,5391,2688
5,5391,67
1,5392,7.03
2,5392,True
3,5392,5233
4,5392,1039
5,5392,67
1,5393,11.03
2,5393,True
3,5393,3670
4,5393,2688
5,5393,73
1,5394,3.03
2,5394,False
3,5394,55
4,5394,2688
5,5394,71
1,5395,6.03
2,5395,False
3,5395,360
4,5395,2688
5,5395,68
1,5396,5.97
2,5396,False
3,5396,2265
4,5396,1558
5,5396,62
1,5397,5.97
2,5397,False
3,5397,1323
4,5397,1558
5,5397,63
1,5398,1.97
2,5398,False
3,5398,3999
4,5398,2688
5,5398,68
1,5399,0.03
2,5399,False
3,5399,4809
4,5399,1039
5,5399,63
1,5400,7.03
2,5400,False
3,5400,4704
4,5400,2688
5,5400,71
1,5401,3.03
2,5401,True
3,5401,3021
4,5401,2688
5,5401,67
1,5402,0.03
2,5402,False
3,5402,1096
4,5402,1558
5,5402,65
1,5403,2.03
2,5403,True
3,5403,3546
4,5403,1558
5,5403,65
1,5404,10.03
2,5404,False
3,5404,1863
4,5404,2688
5,5404,69
1,5405,5.97
2,5405,True
3,5405,55
4,5405,1558
5,5405,62
1,5406,7.03
2,5406,True
3,5406,2802
4,5406,2688
5,5406,70
1,5407,8.03
2,5407,True
3,5407,4404
4,5407,1039
5,5407,66
1,5408,11.97
2,5408,False
3,5408,902
4,5408,1039
5,5408,65
1,5409,1.97
2,5409,True
3,5409,2918
4,5409,1558
5,5409,63
1,5410,12.03
2,5410,False
3,5410,810
4,5410,1039
5,5410,73
1,5411,2.03
2,5411,False
3,5411,3780
4,5411,2688
5,5411,71
1,5412,0.97
2,5412,False
3,5412,2802
4,5412,1558
5,5412,63
1,5413,6.03
2,5413,True
3,5413,267
4,5413,1558
5,5413,67
1,5414,5.03
2,5414,True
3,5414,3021
4,5414,2688
5,5414,70
1,5415,3.03
2,5415,False
3,5415,902
4,5415,1039
5,5415,71
1,5416,18.03
2,5416,True
3,5416,1323
4,5416,1039
5,5416,72
1,5417,5.97
2,5417,False
3,5417,3334
4,5417,1039
5,5417,66
1,5418,7.03
2,5418,False
3,5418,3670
4,5418,2688
5,5418,69
1,5419,0.97
2,5419,True
3,5419,3546
4,5419,2688
5,5419,66
1,5420,3.97
2,5420,False
3,5420,4501
4,5420,2688
5,5420,64
1,5421,2.03
2,5421,False
3,5421,4704
4,5421,2688
5,5421,69
1,5422,3.03
2,5422,False
3,5422,4501
4,5422,1039
5,5422,69
1,5423,0.97
2,5423,True
3,5423,1973
4,5423,2688
5,5423,62
1,5424,0.03
2,5424,False
3,5424,810
4,5424,1039
5,5424,65
1,5425,3.03
2,5425,False
3,5425,1424
4,5425,1039
5,5425,70
1,5426,2.97
2,5426,False
3,5426,708
4,5426,2688
5,5426,67
1,5427,5.97
2,5427,False
3,5427,4199
4,5427,2688
5,5427,66
1,5428,13.97
2,5428,True
3,5428,1323
4,5428,2688
5,5428,64
1,5429,10.03
2,5429,False
3,5429,3231
4,5429,2688
5,5429,67
1,5430,5.97
2,5430,False
3,5430,4290
4,5430,2688
5,5430,68
1,5431,0.03
2,5431,True
3,5431,5028
4,5431,1558
5,5431,64
1,5432,5.03
2,5432,False
3,5432,5138
4,5432,1558
5,5432,66
1,5433,2.97
2,5433,False
3,5433,4404
4,5433,2688
5,5433,67
1,5434,5.97
2,5434,True
3,5434,1973
4,5434,2688
5,5434,65
1,5435,4.97
2,5435,False
3,5435,1756
4,5435,1558
5,5435,60
1,5436,8.97
2,5436,False
3,5436,55
4,5436,1039
5,5436,65
1,5437,5.03
2,5437,True
3,5437,708
4,5437,2688
5,5437,65
1,5438,5.03
2,5438,False
3,5438,2802
4,5438,1558
5,5438,67
1,5439,0.03
2,5439,True
3,5439,2166
4,5439,1039
5,5439,63
1,5440,2.03
2,5440,True
3,5440,1651
4,5440,1558
5,5440,70
1,5441,0.97
2,5441,True
3,5441,1096
4,5441,1558
5,5441,65
1,5442,6.03
2,5442,False
3,5442,1003
4,5442,1039
5,5442,67
1,5443,8.97
2,5443,True
3,5443,1424
4,5443,2688
5,5443,62
1,5444,11.03
2,5444,False
3,5444,1863
4,5444,2688
5,5444,71
1,5445,4.97
2,5445,True
3,5445,3440
4,5445,1558
5,5445,65
1,5446,5.97
2,5446,False
3,5446,4501
4,5446,1039
5,5446,68
1,5447,4.03
2,5447,True
3,5447,708
4,5447,2688
5,5447,65
1,5448,5.97
2,5448,False
3,5448,478
4,5448,2688
5,5448,63
1,5449,0.97
2,5449,False
3,5449,4290
4,5449,1558
5,5449,63
1,5450,2.97
2,5450,False
3,5450,5233
4,5450,1039
5,5450,64
1,5451,1.03
2,5451,False
3,5451,3231
4,5451,1039
5,5451,68
1,5452,2.03
2,5452,True
3,5452,4914
4,5452,2688
5,5452,66
1,5453,9.03
2,5453,True
3,5453,902
4,5453,2688
5,5453,70
1,5454,3.03
2,5454,False
3,5454,1003
4,5454,1558
5,5454,69
1,5455,0.03
2,5455,False
3,5455,360
4,5455,2688
5,5455,70
1,5456,12.97
2,5456,False
3,5456,3334
4,5456,1558
5,5456,59
1,5457,0.03
2,5457,True
3,5457,5233
4,5457,2688
5,5457,67
1,5458,3.03
2,5458,False
3,5458,4404
4,5458,1558
5,5458,68
1,5459,7.03
2,5459,True
3,5459,1096
4,5459,2688
5,5459,66
1,5460,3.03
2,5460,False
3,5460,3440
4,5460,1558
5,5460,65
1,5461,3.97
2,5461,False
3,5461,1651
4,5461,2688
5,5461,64
1,5462,3.03
2,5462,True
3,5462,5285
4,5462,2688
5,5462,65
1,5463,0.03
2,5463,True
3,5463,1207
4,5463,1558
5,5463,63
1,5464,3.97
2,5464,True
3,5464,5285
4,5464,1039
5,5464,68
1,5465,0.97
2,5465,True
3,5465,2583
4,5465,1039
5,5465,66
1,5466,2.97
2,5466,False
3,5466,3780
4,5466,2688
5,5466,67
1,5467,3.03
2,5467,False
3,5467,2166
4,5467,2688
5,5467,65
1,5468,2.03
2,5468,True
3,5468,3127
4,5468,1039
5,5468,66
1,5469,8.97
2,5469,True
3,5469,3999
4,5469,2688
5,5469,65
1,5470,8.03
2,5470,False
3,5470,478
4,5470,1558
5,5470,68
1,5471,2.97
2,5471,False
3,5471,1424
4,5471,2688
5,5471,67
1,5472,11.97
2,5472,False
3,5472,4704
4,5472,1558
5,5472,62
1,5473,0.03
2,5473,False
3,5473,1207
4,5473,1558
5,5473,68
1,5474,17.03
2,5474,True
3,5474,580
4,5474,1039
5,5474,71
1,5475,0.03
2,5475,False
3,5475,3334
4,5475,1558
5,5475,68
1,5476,4.97
2,5476,True
3,5476,4404
4,5476,1558
5,5476,60
1,5477,4.03
2,5477,True
3,5477,3893
4,5477,2688
5,5477,67
1,5478,1.97
2,5478,False
3,5478,1973
4,5478,1039
5,5478,66
1,5479,6.97
2,5479,False
3,5479,5233
4,5479,2688
5,5479,63
1,5480,2.97
2,5480,True
3,5480,4290
4,5480,2688
5,5480,61
1,5481,0.03
2,5481,True
3,5481,4601
4,5481,1039
5,5481,68
1,5482,7.03
2,5482,True
3,5482,5138
4,5482,2688
5,5482,66
1,5483,3.97
2,5483,False
3,5483,2265
4,5483,1558
5,5483,62
1,5484,1.97
2,5484,False
3,5484,5233
4,5484,2688
5,5484,70
1,5485,4.97
2,5485,False
3,5485,162
4,5485,1039
5,5485,69
1,5486,4.97
2,5486,False
3,5486,3999
4,5486,2688
5,5486,66
1,5487,1.97
2,5487,False
3,5487,1424
4,5487,1558
5,5487,66
1,5488,7.97
2,5488,False
3,5488,267
4,5488,2688
5,5488,63
1,5489,3.03
2,5489,False
3,5489,2368
4,5489,1558
5,5489,67
1,5490,1.03
2,5490,True
3,5490,3231
4,5490,1558
5,5490,67
1,5491,8.97
2,5491,False
3,5491,1863
4,5491,1558
5,5491,68
1,5492,12.97
2,5492,False
3,5492,1651
4,5492,2688
5,5492,63
1,5493,6.03
2,5493,True
3,5493,2067
4,5493,2688
5,5493,70
1,5494,3.97
2,5494,False
3,5494,478
4,5494,2688
5,5494,68
1,5495,2.97
2,5495,True
3,5495,1973
4,5495,2688
5,5495,69
1,5496,2.97
2,5496,True
3,5496,3440
4,5496,2688
5,5496,70
1,5497,12.97
2,5497,False
3,5497,5233
4,5497,1558
5,5497,60
1,5498,0.97
2,5498,False
3,5498,1973
4,5498,1039
5,5498,64
1,5499,16.03
2,5499,False
3,5499,478
4,5499,2688
5,5499,73
1,5500,7.97
2,5500,True
3,5500,2368
4,5500,1039
5,5500,67
1,5501,3.97
2,5501,False
3,5501,2802
4,5501,2688
5,5501,62
1,5502,7.03
2,5502,True
3,5502,1973
4,5502,2688
5,5502,72
1,5503,13.03
2,5503,True
3,5503,478
4,5503,2688
5,5503,66
1,5504,3.97
2,5504,False
3,5504,1651
4,5504,2688
5,5504,68
1,5505,0.97
2,5505,False
3,5505,55
4,5505,2688
5,5505,67
1,5506,0.97
2,5506,False
3,5506,1651
4,5506,2688
5,5506,64
1,5507,10.03
2,5507,False
3,5507,55
4,5507,2688
5,5507,70
1,5508,8.97
2,5508,False
3,5508,4199
4,5508,2688
5,5508,66
1,5509,7.03
2,5509,False
3,5509,4601
4,5509,2688
5,5509,69
1,5510,0.03
2,5510,False
3,5510,2166
4,5510,1039
5,5510,68
1,5511,5.03
2,5511,True
3,5511,162
4,5511,2688
5,5511,67
1,5512,7.97
2,5512,False
3,5512,902
4,5512,2688
5,5512,61
1,5513,3.03
2,5513,True
3,5513,267
4,5513,2688
5,5513,70
1,5514,5.97
2,5514,False
3,5514,2918
4,5514,2688
5,5514,60
1,5515,7.03
2,5515,False
3,5515,360
4,5515,2688
5,5515,67
1,5516,3.97
2,5516,True
3,5516,4501
4,5516,1558
5,5516,62
1,5517,9.03
2,5517,False
3,5517,2802
4,5517,2688
5,5517,68
1,5518,2.97
2,5518,False
3,5518,1973
4,5518,1558
5,5518,63
1,5519,6.97
2,5519,False
3,5519,5233
4,5519,2688
5,5519,67
1,5520,14.03
2,5520,False
3,5520,3440
4,5520,1558
5,5520,73
1,5521,4.03
2,5521,False
3,5521,3670
4,5521,1558
5,5521,71
1,5522,6.97
2,5522,False
3,5522,3334
4,5522,2688
5,5522,65
1,5523,2.97
2,5523,True
3,5523,708
4,5523,2688
5,5523,69
1,5524,14.03
2,5524,False
3,5524,2265
4,5524,2688
5,5524,73
1,5525,4.97
2,5525,False
3,5525,2918
4,5525,1039
5,5525,66
1,5526,6.03
2,5526,False
3,5526,5028
4,5526,1558
5,5526,64
1,5527,4.97
2,5527,False
3,5527,5138
4,5527,2688
5,5527,64
1,5528,4.03
2,5528,False
3,5528,5138
4,5528,2688
5,5528,68
1,5529,6.97
2,5529,False
3,5529,4290
4,5529,1039
5,5529,64
1,5530,0.03
2,5530,True
3,5530,4914
4,5530,1558
5,5530,64
1,5531,2.97
2,5531,True
3,5531,902
4,5531,2688
5,5531,63
1,5532,5.03
2,5532,True
3,5532,4914
4,5532,1039
5,5532,67
1,5533,0.97
2,5533,False
3,5533,2802
4,5533,2688
5,5533,67
1,5534,4.97
2,5534,True
3,5534,267
4,5534,1558
5,5534,67
1,5535,4.97
2,5535,False
3,5535,1207
4,5535,1558
5,5535,68
1,5536,8.03
2,5536,True
3,5536,478
4,5536,2688
5,5536,69
1,5537,5.97
2,5537,True
3,5537,2918
4,5537,2688
5,5537,69
1,5538,1.03
2,5538,False
3,5538,2368
4,5538,2688
5,5538,64
1,5539,3.03
2,5539,True
3,5539,1003
4,5539,1558
5,5539,67
1,5540,5.97
2,5540,False
3,5540,3127
4,5540,2688
5,5540,67
1,5541,0.97
2,5541,True
3,5541,3231
4,5541,1039
5,5541,67
1,5542,3.03
2,5542,False
3,5542,267
4,5542,1039
5,5542,69
1,5543,1.97
2,5543,False
3,5543,5028
4,5543,2688
5,5543,67
1,5544,4.03
2,5544,False
3,5544,162
4,5544,2688
5,5544,71
1,5545,4.97
2,5545,False
3,5545,1003
4,5545,2688
5,5545,64
1,5546,6.03
2,5546,True
3,5546,1651
4,5546,1558
5,5546,72
1,5547,2.03
2,5547,True
3,5547,478
4,5547,2688
5,5547,68
1,5548,3.97
2,5548,False
3,5548,5233
4,5548,2688
5,5548,62
1,5549,6.03
2,5549,False
3,5549,1003
4,5549,2688
5,5549,66
1,5550,1.03
2,5550,True
3,5550,4809
4,5550,1039
5,5550,65
1,5551,0.03
2,5551,True
3,5551,5028
4,5551,1039
5,5551,65
1,5552,2.97
2,5552,False
3,5552,708
4,5552,1039
5,5552,65
1,5553,4.03
2,5553,False
3,5553,580
4,5553,2688
5,5553,68
1,5554,3.03
2,5554,True
3,5554,3546
4,5554,2688
5,5554,66
1,5555,2.03
2,5555,False
3,5555,5028
4,5555,2688
5,5555,65
1,5556,0.03
2,5556,False
3,5556,1863
4,5556,2688
5,5556,66
1,5557,0.03
2,5557,False
3,5557,2166
4,5557,1039
5,5557,69
1,5558,4.03
2,5558,False
3,5558,5233
4,5558,1558
5,5558,69
1,5559,9.03
2,5559,True
3,5559,3670
4,5559,2688
5,5559,67
1,5560,3.03
2,5560,False
3,5560,4704
4,5560,1558
5,5560,62
1,5561,0.03
2,5561,True
3,5561,3231
4,5561,1558
5,5561,68
1,5562,7.97
2,5562,False
3,5562,2473
4,5562,2688
5,5562,64
1,5563,1.97
2,5563,True
3,5563,1323
4,5563,2688
5,5563,69
1,5564,2.97
2,5564,True
3,5564,360
4,5564,1039
5,5564,70
1,5565,10.03
2,5565,True
3,5565,3999
4,5565,2688
5,5565,67
1,5566,4.97
2,5566,False
3,5566,4290
4,5566,1039
5,5566,63
1,5567,0.97
2,5567,False
3,5567,2368
4,5567,2688
5,5567,68
1,5568,0.03
2,5568,False
3,5568,2689
4,5568,2688
5,5568,69
1,5569,11.03
2,5569,True
3,5569,2583
4,5569,2688
5,5569,72
1,5570,1.03
2,5570,True
3,5570,1096
4,5570,1558
5,5570,64
1,5571,7.97
2,5571,True
3,5571,4809
4,5571,2688
5,5571,63
1,5572,8.97
2,5572,False
3,5572,1323
4,5572,2688
5,5572,64
1,5573,2.97
2,5573,False
3,5573,2689
4,5573,2688
5,5573,62
1,5574,4.97
2,5574,True
3,5574,4809
4,5574,2688
5,5574,66
1,5575,3.03
2,5575,False
3,5575,4601
4,5575,1039
5,5575,66
1,5576,0.03
2,5576,True
3,5576,5233
4,5576,1039
5,5576,66
1,5577,4.97
2,5577,False
3,5577,2166
4,5577,2688
5,5577,64
1,5578,11.97
2,5578,False
3,5578,2918
4,5578,1558
5,5578,66
1,5579,6.97
2,5579,True
3,5579,267
4,5579,2688
5,5579,66
1,5580,9.03
2,5580,False
3,5580,5028
4,5580,1039
5,5580,64
1,5581,3.03
2,5581,True
3,5581,55
4,5581,1558
5,5581,67
1,5582,7.03
2,5582,True
3,5582,708
4,5582,1039
5,5582,73
1,5583,2.97
2,5583,False
3,5583,478
4,5583,1039
5,5583,64
1,5584,0.97
2,5584,False
3,5584,1973
4,5584,1039
5,5584,66
1,5585,3.03
2,5585,False
3,5585,902
4,5585,2688
5,5585,65
1,5586,0.03
2,5586,True
3,5586,360
4,5586,1558
5,5586,70
1,5587,0.03
2,5587,False
3,5587,162
4,5587,2688
5,5587,65
1,5588,3.03
2,5588,True
3,5588,2067
4,5588,1558
5,5588,69
1,5589,0.97
2,5589,True
3,5589,1536
4,5589,2688
5,5589,68
1,5590,11.03
2,5590,False
3,5590,1536
4,5590,1558
5,5590,68
1,5591,15.03
2,5591,True
3,5591,1651
4,5591,1039
5,5591,67
1,5592,4.03
2,5592,True
3,5592,708
4,5592,2688
5,5592,69
1,5593,6.03
2,5593,True
3,5593,1096
4,5593,2688
5,5593,69
1,5594,6.97
2,5594,True
3,5594,3127
4,5594,2688
5,5594,69
1,5595,6.03
2,5595,False
3,5595,2473
4,5595,2688
5,5595,70
1,5596,6.97
2,5596,True
3,5596,3999
4,5596,2688
5,5596,65
1,5597,3.03
2,5597,True
3,5597,1651
4,5597,1558
5,5597,68
1,5598,4.97
2,5598,False
3,5598,4290
4,5598,1558
5,5598,65
1,5599,1.97
2,5599,True
3,5599,2368
4,5599,1039
5,5599,65
1,5600,9.97
2,5600,True
3,5600,162
4,5600,2688
5,5600,67
1,5601,6.03
2,5601,False
3,5601,4404
4,5601,1558
5,5601,65
1,5602,5.97
2,5602,False
3,5602,2583
4,5602,2688
5,5602,64
1,5603,6.97
2,5603,False
3,5603,3231
4,5603,2688
5,5603,69
1,5604,8.97
2,5604,False
3,5604,1003
4,5604,2688
5,5604,68
1,5605,9.03
2,5605,False
3,5605,3440
4,5605,1039
5,5605,67
1,5606,1.03
2,5606,False
3,5606,3231
4,5606,2688
5,5606,70
1,5607,0.97
2,5607,True
3,5607,5138
4,5607,2688
5,5607,67
1,5608,0.97
2,5608,False
3,5608,1003
4,5608,2688
5,5608,66
1,5609,17.97
2,5609,False
3,5609,2166
4,5609,1039
5,5609,67
1,5610,3.03
2,5610,False
3,5610,162
4,5610,1039
5,5610,69
1,5611,3.03
2,5611,True
3,5611,1756
4,5611,2688
5,5611,68
1,5612,8.97
2,5612,False
3,5612,4290
4,5612,2688
5,5612,67
1,5613,0.03
2,5613,False
3,5613,4101
4,5613,1558
5,5613,68
1,5614,1.97
2,5614,False
3,5614,3893
4,5614,1558
5,5614,66
1,5615,3.03
2,5615,False
3,5615,1651
4,5615,2688
5,5615,66
1,5616,8.97
2,5616,False
3,5616,3670
4,5616,1039
5,5616,65
1,5617,6.03
2,5617,True
3,5617,1973
4,5617,2688
5,5617,67
1,5618,8.03
2,5618,False
3,5618,4914
4,5618,2688
5,5618,67
1,5619,8.03
2,5619,True
3,5619,3127
4,5619,1558
5,5619,69
1,5620,3.03
2,5620,False
3,5620,2689
4,5620,2688
5,5620,71
1,5621,0.03
2,5621,True
3,5621,4404
4,5621,2688
5,5621,64
1,5622,16.97
2,5622,False
3,5622,3440
4,5622,2688
5,5622,65
1,5623,2.03
2,5623,False
3,5623,4404
4,5623,2688
5,5623,69
1,5624,1.97
2,5624,False
3,5624,902
4,5624,1558
5,5624,67
1,5625,2.03
2,5625,True
3,5625,4199
4,5625,2688
5,5625,65
1,5626,15.03
2,5626,True
3,5626,3893
4,5626,2688
5,5626,66
1,5627,1.03
2,5627,False
3,5627,2067
4,5627,1558
5,5627,66
1,5628,6.97
2,5628,True
3,5628,4404
4,5628,2688
5,5628,62
1,5629,0.97
2,5629,True
3,5629,2802
4,5629,2688
5,5629,65
1,5630,9.03
2,5630,False
3,5630,1756
4,5630,1558
5,5630,71
1,5631,2.97
2,5631,True
3,5631,3127
4,5631,2688
5,5631,63
1,5632,5.97
2,5632,False
3,5632,1863
4,5632,2688
5,5632,70
1,5633,10.03
2,5633,False
3,5633,902
4,5633,2688
5,5633,68
1,5634,6.97
2,5634,True
3,5634,1651
4,5634,1558
5,5634,63
1,5635,6.03
2,5635,True
3,5635,2918
4,5635,2688
5,5635,70
1,5636,0.97
2,5636,True
3,5636,2689
4,5636,1039
5,5636,64
1,5637,4.97
2,5637,True
3,5637,4199
4,5637,1558
5,5637,63
1,5638,1.03
2,5638,True
3,5638,4101
4,5638,1039
5,5638,65
1,5639,1.97
2,5639,False
3,5639,3440
4,5639,1558
5,5639,62
1,5640,1.97
2,5640,True
3,5640,2166
4,5640,2688
5,5640,68
1,5641,0.03
2,5641,False
3,5641,1973
4,5641,2688
5,5641,71
1,5642,1.97
2,5642,True
3,5642,2802
4,5642,1558
5,5642,64
1,5643,4.03
2,5643,False
3,5643,1323
4,5643,2688
5,5643,68
1,5644,2.97
2,5644,False
3,5644,1207
4,5644,2688
5,5644,63
1,5645,3.97
2,5645,True
3,5645,2265
4,5645,2688
5,5645,65
1,5646,9.03
2,5646,True
3,5646,1536
4,5646,2688
5,5646,68
1,5647,7.97
2,5647,False
3,5647,3127
4,5647,1039
5,5647,68
1,5648,1.03
2,5648,False
3,5648,3780
4,5648,2688
5,5648,64
1,5649,1.03
2,5649,False
3,5649,1863
4,5649,2688
5,5649,64
1,5650,1.97
2,5650,False
3,5650,2689
4,5650,1039
5,5650,70
1,5651,1.97
2,5651,False
3,5651,1323
4,5651,1558
5,5651,65
1,5652,4.03
2,5652,True
3,5652,1651
4,5652,1039
5,5652,65
1,5653,0.97
2,5653,False
3,5653,3546
4,5653,1039
5,5653,69
1,5654,3.03
2,5654,False
3,5654,1424
4,5654,2688
5,5654,72
1,5655,10.03
2,5655,True
3,5655,3893
4,5655,2688
5,5655,72
1,5656,8.03
2,5656,False
3,5656,2689
4,5656,2688
5,5656,70
1,5657,8.03
2,5657,False
3,5657,4199
4,5657,2688
5,5657,67
1,5658,10.97
2,5658,False
3,5658,267
4,5658,1558
5,5658,64
1,5659,7.03
2,5659,False
3,5659,1536
4,5659,1039
5,5659,69
1,5660,3.03
2,5660,False
3,5660,1207
4,5660,1039
5,5660,72
1,5661,5.97
2,5661,True
3,5661,4601
4,5661,1039
5,5661,64
1,5662,2.03
2,5662,True
3,5662,3334
4,5662,1039
5,5662,70
1,5663,2.97
2,5663,False
3,5663,2368
4,5663,2688
5,5663,68
1,5664,0.03
2,5664,False
3,5664,1973
4,5664,2688
5,5664,64
1,5665,7.03
2,5665,False
3,5665,708
4,5665,2688
5,5665,72
1,5666,5.03
2,5666,True
3,5666,1756
4,5666,1039
5,5666,67
1,5667,1.97
2,5667,True
3,5667,1863
4,5667,1558
5,5667,63
1,5668,11.97
2,5668,False
3,5668,4914
4,5668,1558
5,5668,66
1,5669,0.97
2,5669,False
3,5669,708
4,5669,2688
5,5669,65
1,5670,2.97
2,5670,False
3,5670,4704
4,5670,1558
5,5670,65
1,5671,4.03
2,5671,False
3,5671,1863
4,5671,2688
5,5671,68
1,5672,5.03
2,5672,False
3,5672,3334
4,5672,2688
5,5672,66
1,5673,7.97
2,5673,False
3,5673,902
4,5673,1558
5,5673,63
1,5674,2.03
2,5674,True
3,5674,3231
4,5674,1558
5,5674,64
1,5675,5.97
2,5675,True
3,5675,3127
4,5675,2688
5,5675,64
1,5676,3.97
2,5676,False
3,5676,1424
4,5676,1039
5,5676,63
1,5677,6.03
2,5677,False
3,5677,4199
4,5677,2688
5,5677,66
1,5678,0.03
2,5678,False
3,5678,2802
4,5678,1558
5,5678,68
1,5679,5.03
2,5679,False
3,5679,580
4,5679,1558
5,5679,70
1,5680,1.03
2,5680,False
3,5680,2689
4,5680,1039
5,5680,64
1,5681,0.97
2,5681,True
3,5681,4404
4,5681,2688
5,5681,66
1,5682,2.97
2,5682,False
3,5682,2166
4,5682,2688
5,5682,67
1,5683,6.03
2,5683,True
3,5683,2583
4,5683,2688
5,5683,66
1,5684,16.03
2,5684,True
3,5684,478
4,5684,2688
5,5684,70
1,5685,3.03
2,5685,True
3,5685,810
4,5685,2688
5,5685,69
1,5686,1.97
2,5686,True
3,5686,902
4,5686,2688
5,5686,71
1,5687,4.97
2,5687,False
3,5687,3127
4,5687,2688
5,5687,62
1,5688,4.97
2,5688,False
3,5688,4914
4,5688,1558
5,5688,65
1,5689,6.03
2,5689,False
3,5689,3334
4,5689,2688
5,5689,66
1,5690,0.03
2,5690,False
3,5690,810
4,5690,1558
5,5690,70
1,5691,10.03
2,5691,True
3,5691,3231
4,5691,1558
5,5691,73
1,5692,3.97
2,5692,False
3,5692,55
4,5692,1558
5,5692,68
1,5693,0.97
2,5693,False
3,5693,3670
4,5693,1558
5,5693,67
1,5694,4.97
2,5694,False
3,5694,3334
4,5694,2688
5,5694,67
1,5695,1.03
2,5695,True
3,5695,2166
4,5695,1558
5,5695,71
1,5696,1.97
2,5696,True
3,5696,5138
4,5696,2688
5,5696,68
1,5697,5.97
2,5697,False
3,5697,1536
4,5697,1039
5,5697,67
1,5698,6.97
2,5698,False
3,5698,360
4,5698,1039
5,5698,65
1,5699,1.97
2,5699,False
3,5699,3127
4,5699,2688
5,5699,65
1,5700,10.03
2,5700,True
3,5700,1096
4,5700,1558
5,5700,74
1,5701,8.03
2,5701,True
3,5701,1323
4,5701,2688
5,5701,73
1,5702,5.03
2,5702,True
3,5702,4404
4,5702,2688
5,5702,70
1,5703,3.03
2,5703,True
3,5703,4601
4,5703,2688
5,5703,69
1,5704,6.03
2,5704,True
3,5704,708
4,5704,1039
5,5704,73
1,5705,6.03
2,5705,True
3,5705,1003
4,5705,2688
5,5705,66
1,5706,8.97
2,5706,False
3,5706,3127
4,5706,2688
5,5706,63
1,5707,10.97
2,5707,False
3,5707,3780
4,5707,2688
5,5707,65
1,5708,6.97
2,5708,True
3,5708,3440
4,5708,1039
5,5708,66
1,5709,1.97
2,5709,False
3,5709,4404
4,5709,1039
5,5709,64
1,5710,2.97
2,5710,False
3,5710,708
4,5710,2688
5,5710,66
1,5711,0.03
2,5711,True
3,5711,2689
4,5711,1558
5,5711,65
1,5712,2.97
2,5712,False
3,5712,3893
4,5712,2688
5,5712,65
1,5713,12.03
2,5713,False
3,5713,3334
4,5713,1039
5,5713,67
1,5714,8.03
2,5714,False
3,5714,1651
4,5714,2688
5,5714,66
1,5715,3.03
2,5715,True
3,5715,3127
4,5715,1558
5,5715,65
1,5716,9.03
2,5716,True
3,5716,1651
4,5716,2688
5,5716,69
1,5717,2.03
2,5717,False
3,5717,4501
4,5717,1558
5,5717,68
1,5718,2.97
2,5718,True
3,5718,4101
4,5718,1558
5,5718,66
1,5719,11.03
2,5719,False
3,5719,810
4,5719,1558
5,5719,74
1,5720,8.03
2,5720,True
3,5720,478
4,5720,1558
5,5720,67
1,5721,8.03
2,5721,False
3,5721,4199
4,5721,1558
5,5721,67
1,5722,10.03
2,5722,True
3,5722,3670
4,5722,1558
5,5722,69
1,5723,5.97
2,5723,False
3,5723,2166
4,5723,1558
5,5723,66
1,5724,14.97
2,5724,False
3,5724,810
4,5724,1039
5,5724,66
1,5725,8.97
2,5725,False
3,5725,4501
4,5725,1039
5,5725,69
1,5726,7.03
2,5726,False
3,5726,4809
4,5726,2688
5,5726,68
1,5727,1.03
2,5727,False
3,5727,1207
4,5727,1558
5,5727,66
1,5728,0.03
2,5728,True
3,5728,2473
4,5728,2688
5,5728,66
1,5729,3.03
2,5729,True
3,5729,3440
4,5729,1039
5,5729,68
1,5730,4.03
2,5730,False
3,5730,162
4,5730,1558
5,5730,69
1,5731,1.03
2,5731,False
3,5731,2166
4,5731,1558
5,5731,66
1,5732,2.03
2,5732,False
3,5732,3670
4,5732,1039
5,5732,64
1,5733,8.97
2,5733,False
3,5733,3999
4,5733,2688
5,5733,65
1,5734,6.97
2,5734,False
3,5734,810
4,5734,2688
5,5734,65
1,5735,2.03
2,5735,True
3,5735,2918
4,5735,1039
5,5735,65
1,5736,3.97
2,5736,False
3,5736,3334
4,5736,2688
5,5736,64
1,5737,1.03
2,5737,False
3,5737,4101
4,5737,1558
5,5737,63
1,5738,10.97
2,5738,False
3,5738,3127
4,5738,1558
5,5738,61
1,5739,3.97
2,5739,False
3,5739,5233
4,5739,1558
5,5739,66
1,5740,0.97
2,5740,False
3,5740,2265
4,5740,1039
5,5740,69
1,5741,7.03
2,5741,False
3,5741,478
4,5741,1039
5,5741,72
1,5742,14.03
2,5742,False
3,5742,2265
4,5742,1558
5,5742,69
1,5743,12.97
2,5743,True
3,5743,2583
4,5743,1039
5,5743,60
1,5744,2.97
2,5744,False
3,5744,708
4,5744,1039
5,5744,68
1,5745,1.03
2,5745,False
3,5745,1424
4,5745,1558
5,5745,68
1,5746,2.97
2,5746,True
3,5746,3780
4,5746,1558
5,5746,66
1,5747,11.97
2,5747,False
3,5747,4914
4,5747,2688
5,5747,60
1,5748,11.03
2,5748,False
3,5748,1424
4,5748,2688
5,5748,70
1,5749,0.03
2,5749,False
3,5749,4601
4,5749,2688
5,5749,66
1,5750,4.97
2,5750,True
3,5750,3780
4,5750,1039
5,5750,64
1,5751,8.03
2,5751,False
3,5751,4704
4,5751,2688
5,5751,64
1,5752,6.97
2,5752,False
3,5752,4704
4,5752,1558
5,5752,63
1,5753,14.03
2,5753,False
3,5753,267
4,5753,2688
5,5753,71
1,5754,6.03
2,5754,True
3,5754,4101
4,5754,1039
5,5754,63
1,5755,0.03
2,5755,True
3,5755,4199
4,5755,1558
5,5755,71
1,5756,8.97
2,5756,True
3,5756,267
4,5756,2688
5,5756,64
1,5757,16.03
2,5757,True
3,5757,4704
4,5757,2688
5,5757,68
1,5758,13.03
2,5758,False
3,5758,902
4,5758,1558
5,5758,71
1,5759,3.03
2,5759,False
3,5759,5028
4,5759,1039
5,5759,66
1,5760,9.03
2,5760,False
3,5760,3440
4,5760,1558
5,5760,66
1,5761,0.03
2,5761,False
3,5761,1096
4,5761,1558
5,5761,65
1,5762,3.03
2,5762,False
3,5762,3546
4,5762,2688
5,5762,66
1,5763,5.97
2,5763,False
3,5763,5233
4,5763,2688
5,5763,68
1,5764,5.03
2,5764,False
3,5764,4290
4,5764,1558
5,5764,70
1,5765,3.03
2,5765,False
3,5765,810
4,5765,2688
5,5765,67
1,5766,1.97
2,5766,False
3,5766,4290
4,5766,2688
5,5766,68
1,5767,4.03
2,5767,False
3,5767,810
4,5767,1558
5,5767,68
1,5768,12.03
2,5768,False
3,5768,4501
4,5768,2688
5,5768,73
1,5769,6.03
2,5769,False
3,5769,3893
4,5769,1558
5,5769,72
1,5770,4.03
2,5770,True
3,5770,2802
4,5770,2688
5,5770,66
1,5771,10.03
2,5771,False
3,5771,3546
4,5771,1039
5,5771,73
1,5772,5.03
2,5772,True
3,5772,3127
4,5772,1558
5,5772,64
1,5773,7.97
2,5773,False
3,5773,3127
4,5773,2688
5,5773,69
1,5774,3.97
2,5774,False
3,5774,2918
4,5774,1558
5,5774,62
1,5775,2.03
2,5775,False
3,5775,3780
4,5775,1558
5,5775,63
1,5776,11.97
2,5776,False
3,5776,267
4,5776,1558
5,5776,64
1,5777,1.97
2,5777,False
3,5777,580
4,5777,1039
5,5777,71
1,5778,9.03
2,5778,True
3,5778,1536
4,5778,1558
5,5778,72
1,5779,5.97
2,5779,False
3,5779,3670
4,5779,1558
5,5779,59
1,5780,4.03
2,5780,False
3,5780,2689
4,5780,1039
5,5780,68
1,5781,6.03
2,5781,True
3,5781,3999
4,5781,2688
5,5781,71
1,5782,9.03
2,5782,False
3,5782,4199
4,5782,2688
5,5782,64
1,5783,7.03
2,5783,True
3,5783,267
4,5783,2688
5,5783,69
1,5784,7.97
2,5784,False
3,5784,5028
4,5784,1558
5,5784,63
1,5785,3.03
2,5785,True
3,5785,360
4,5785,2688
5,5785,69
1,5786,1.03
2,5786,True
3,5786,3127
4,5786,2688
5,5786,69
1,5787,1.03
2,5787,True
3,5787,4914
4,5787,1039
5,5787,65
1,5788,1.97
2,5788,False
3,5788,4501
4,5788,2688
5,5788,65
1,5789,1.03
2,5789,True
3,5789,2583
4,5789,1558
5,5789,70
1,5790,13.03
2,5790,False
3,5790,162
4,5790,2688
5,5790,72
1,5791,11.03
2,5791,False
3,5791,267
4,5791,2688
5,5791,71
1,5792,8.03
2,5792,True
3,5792,1096
4,5792,1039
5,5792,72
1,5793,3.03
2,5793,False
3,5793,2166
4,5793,1039
5,5793,70
1,5794,6.97
2,5794,False
3,5794,2166
4,5794,2688
5,5794,65
1,5795,0.97
2,5795,False
3,5795,3546
4,5795,1558
5,5795,67
1,5796,1.97
2,5796,True
3,5796,1756
4,5796,2688
5,5796,65
1,5797,4.03
2,5797,True
3,5797,708
4,5797,1558
5,5797,71
1,5798,4.97
2,5798,False
3,5798,3999
4,5798,1558
5,5798,60
1,5799,4.03
2,5799,True
3,5799,4704
4,5799,2688
5,5799,68
1,5800,3.03
2,5800,False
3,5800,2067
4,5800,1558
5,5800,71
1,5801,3.97
2,5801,False
3,5801,4704
4,5801,1558
5,5801,66
1,5802,2.03
2,5802,True
3,5802,3999
4,5802,1558
5,5802,62
1,5803,2.03
2,5803,True
3,5803,2368
4,5803,1558
5,5803,65
1,5804,3.03
2,5804,True
3,5804,3231
4,5804,2688
5,5804,71
1,5805,3.97
2,5805,False
3,5805,2166
4,5805,1558
5,5805,64
1,5806,2.03
2,5806,True
3,5806,478
4,5806,2688
5,5806,68
1,5807,3.03
2,5807,True
3,5807,2166
4,5807,1558
5,5807,65
1,5808,0.97
2,5808,True
3,5808,3546
4,5808,2688
5,5808,66
1,5809,4.97
2,5809,True
3,5809,2166
4,5809,1039
5,5809,66
1,5810,11.03
2,5810,True
3,5810,1424
4,5810,1039
5,5810,70
1,5811,1.03
2,5811,False
3,5811,2802
4,5811,2688
5,5811,62
1,5812,0.97
2,5812,False
3,5812,2583
4,5812,1558
5,5812,68
1,5813,9.97
2,5813,False
3,5813,2265
4,5813,1558
5,5813,63
1,5814,14.97
2,5814,False
3,5814,1207
4,5814,1558
5,5814,66
1,5815,8.97
2,5815,True
3,5815,810
4,5815,2688
5,5815,62
1,5816,10.97
2,5816,False
3,5816,1207
4,5816,2688
5,5816,61
1,5817,4.97
2,5817,False
3,5817,708
4,5817,1558
5,5817,63
1,5818,0.97
2,5818,False
3,5818,580
4,5818,1039
5,5818,71
1,5819,8.03
2,5819,False
3,5819,162
4,5819,1039
5,5819,69
1,5820,6.03
2,5820,False
3,5820,2689
4,5820,2688
5,5820,64
1,5821,7.03
2,5821,False
3,5821,1756
4,5821,1558
5,5821,68
1,5822,2.03
2,5822,False
3,5822,1651
4,5822,2688
5,5822,67
1,5823,2.97
2,5823,False
3,5823,708
4,5823,1558
5,5823,71
1,5824,6.97
2,5824,True
3,5824,3231
4,5824,2688
5,5824,60
1,5825,2.03
2,5825,False
3,5825,3231
4,5825,2688
5,5825,68
1,5826,7.97
2,5826,True
3,5826,5138
4,5826,1558
5,5826,62
1,5827,1.97
2,5827,False
3,5827,2583
4,5827,2688
5,5827,66
1,5828,1.03
2,5828,False
3,5828,3670
4,5828,1558
5,5828,69
1,5829,7.97
2,5829,False
3,5829,3546
4,5829,1558
5,5829,63
1,5830,1.03
2,5830,False
3,5830,4501
4,5830,1558
5,5830,65
1,5831,1.03
2,5831,True
3,5831,1536
4,5831,2688
5,5831,66
1,5832,6.97
2,5832,True
3,5832,902
4,5832,2688
5,5832,67
1,5833,3.97
2,5833,False
3,5833,2265
4,5833,1039
5,5833,65
1,5834,7.97
2,5834,True
3,5834,2583
4,5834,1039
5,5834,62
1,5835,1.03
2,5835,False
3,5835,1096
4,5835,2688
5,5835,64
1,5836,5.97
2,5836,True
3,5836,2067
4,5836,1039
5,5836,66
1,5837,0.97
2,5837,False
3,5837,4914
4,5837,1558
5,5837,67
1,5838,2.97
2,5838,False
3,5838,902
4,5838,2688
5,5838,66
1,5839,0.97
2,5839,True
3,5839,4704
4,5839,1558
5,5839,65
1,5840,6.03
2,5840,True
3,5840,4101
4,5840,2688
5,5840,66
1,5841,3.97
2,5841,True
3,5841,2689
4,5841,1039
5,5841,65
1,5842,6.97
2,5842,False
3,5842,1323
4,5842,1039
5,5842,66
1,5843,5.97
2,5843,False
3,5843,3670
4,5843,2688
5,5843,63
1,5844,4.97
2,5844,False
3,5844,5138
4,5844,2688
5,5844,61
1,5845,3.97
2,5845,False
3,5845,3440
4,5845,1558
5,5845,67
1,5846,7.03
2,5846,False
3,5846,1536
4,5846,2688
5,5846,68
1,5847,6.97
2,5847,False
3,5847,4404
4,5847,2688
5,5847,62
1,5848,2.97
2,5848,True
3,5848,2918
4,5848,1039
5,5848,63
1,5849,9.97
2,5849,False
3,5849,2802
4,5849,2688
5,5849,64
1,5850,4.97
2,5850,False
3,5850,3999
4,5850,2688
5,5850,63
1,5851,0.97
2,5851,False
3,5851,3440
4,5851,2688
5,5851,67
1,5852,4.97
2,5852,False
3,5852,810
4,5852,2688
5,5852,65
1,5853,2.97
2,5853,True
3,5853,2166
4,5853,1039
5,5853,69
1,5854,6.03
2,5854,False
3,5854,3780
4,5854,1558
5,5854,70
1,5855,2.03
2,5855,False
3,5855,1756
4,5855,1558
5,5855,68
1,5856,0.03
2,5856,True
3,5856,3999
4,5856,1558
5,5856,63
1,5857,3.03
2,5857,False
3,5857,3670
4,5857,2688
5,5857,66
1,5858,1.03
2,5858,False
3,5858,580
4,5858,2688
5,5858,71
1,5859,8.03
2,5859,False
3,5859,3021
4,5859,2688
5,5859,73
1,5860,7.03
2,5860,False
3,5860,1973
4,5860,2688
5,5860,70
1,5861,4.03
2,5861,False
3,5861,4290
4,5861,1558
5,5861,68
1,5862,8.03
2,5862,False
3,5862,267
4,5862,1558
5,5862,73
1,5863,1.03
2,5863,True
3,5863,4199
4,5863,1558
5,5863,68
1,5864,2.03
2,5864,True
3,5864,1756
4,5864,1039
5,5864,68
1,5865,1.97
2,5865,True
3,5865,3334
4,5865,2688
5,5865,67
1,5866,2.03
2,5866,False
3,5866,708
4,5866,2688
5,5866,61
1,5867,4.03
2,5867,False
3,5867,1207
4,5867,1558
5,5867,69
1,5868,3.97
2,5868,False
3,5868,162
4,5868,2688
5,5868,64
1,5869,8.97
2,5869,False
3,5869,2265
4,5869,1558
5,5869,65
1,5870,5.03
2,5870,True
3,5870,3780
4,5870,1039
5,5870,65
1,5871,4.03
2,5871,False
3,5871,1424
4,5871,2688
5,5871,70
1,5872,5.03
2,5872,False
3,5872,267
4,5872,1558
5,5872,68
1,5873,0.03
2,5873,True
3,5873,1973
4,5873,1558
5,5873,68
1,5874,2.97
2,5874,False
3,5874,1973
4,5874,2688
5,5874,69
1,5875,0.03
2,5875,True
3,5875,1863
4,5875,1039
5,5875,69
1,5876,0.03
2,5876,True
3,5876,810
4,5876,1558
5,5876,62
1,5877,12.97
2,5877,False
3,5877,5028
4,5877,1039
5,5877,63
1,5878,4.03
2,5878,True
3,5878,2802
4,5878,2688
5,5878,68
1,5879,5.03
2,5879,False
3,5879,3546
4,5879,2688
5,5879,65
1,5880,4.03
2,5880,True
3,5880,1651
4,5880,1558
5,5880,65
1,5881,3.03
2,5881,False
3,5881,2067
4,5881,2688
5,5881,68
1,5882,7.97
2,5882,False
3,5882,3999
4,5882,1039
5,5882,62
1,5883,4.97
2,5883,True
3,5883,1323
4,5883,1558
5,5883,66
1,5884,2.97
2,5884,False
3,5884,5285
4,5884,2688
5,5884,62
1,5885,3.03
2,5885,True
3,5885,4501
4,5885,1039
5,5885,65
1,5886,12.03
2,5886,False
3,5886,4809
4,5886,1039
5,5886,72
1,5887,0.97
2,5887,False
3,5887,1536
4,5887,1558
5,5887,65
1,5888,1.97
2,5888,True
3,5888,1003
4,5888,2688
5,5888,65
1,5889,8.03
2,5889,False
3,5889,1323
4,5889,1039
5,5889,73
1,5890,3.03
2,5890,False
3,5890,2918
4,5890,1558
5,5890,63
1,5891,8.97
2,5891,False
3,5891,5285
4,5891,1558
5,5891,61
1,5892,4.97
2,5892,False
3,5892,3231
4,5892,2688
5,5892,67
1,5893,9.03
2,5893,False
3,5893,1003
4,5893,1039
5,5893,69
1,5894,6.03
2,5894,True
3,5894,4809
4,5894,2688
5,5894,66
1,5895,4.97
2,5895,False
3,5895,810
4,5895,2688
5,5895,69
1,5896,1.97
2,5896,False
3,5896,3780
4,5896,1558
5,5896,66
1,5897,2.97
2,5897,False
3,5897,55
4,5897,1558
5,5897,65
1,5898,14.03
2,5898,True
3,5898,3670
4,5898,2688
5,5898,67
1,5899,8.03
2,5899,False
3,5899,2265
4,5899,2688
5,5899,70
1,5900,2.97
2,5900,False
3,5900,1863
4,5900,1558
5,5900,69
1,5901,0.97
2,5901,False
3,5901,902
4,5901,1039
5,5901,71
1,5902,0.97
2,5902,False
3,5902,1973
4,5902,2688
5,5902,66
1,5903,5.97
2,5903,False
3,5903,2067
4,5903,2688
5,5903,65
1,5904,7.97
2,5904,True
3,5904,4809
4,5904,1039
5,5904,63
1,5905,2.03
2,5905,False
3,5905,3893
4,5905,1558
5,5905,65
1,5906,6.03
2,5906,False
3,5906,4101
4,5906,1039
5,5906,67
1,5907,0.03
2,5907,True
3,5907,2166
4,5907,1558
5,5907,65
1,5908,5.03
2,5908,True
3,5908,902
4,5908,1558
5,5908,68
1,5909,6.97
2,5909,True
3,5909,3334
4,5909,2688
5,5909,67
1,5910,4.97
2,5910,False
3,5910,2368
4,5910,1558
5,5910,66
1,5911,7.97
2,5911,True
3,5911,2689
4,5911,2688
5,5911,63
1,5912,16.03
2,5912,False
3,5912,3999
4,5912,2688
5,5912,68
1,5913,4.03
2,5913,True
3,5913,4601
4,5913,2688
5,5913,63
1,5914,5.03
2,5914,True
3,5914,4101
4,5914,2688
5,5914,68
1,5915,0.03
2,5915,False
3,5915,2583
4,5915,1039
5,5915,70
1,5916,2.03
2,5916,True
3,5916,4404
4,5916,1039
5,5916,70
1,5917,7.97
2,5917,False
3,5917,2166
4,5917,1558
5,5917,63
1,5918,2.97
2,5918,False
3,5918,267
4,5918,1558
5,5918,68
1,5919,2.03
2,5919,True
3,5919,1536
4,5919,1558
5,5919,64
1,5920,3.97
2,5920,False
3,5920,2265
4,5920,2688
5,5920,65
1,5921,1.03
2,5921,False
3,5921,5028
4,5921,2688
5,5921,69
1,5922,1.03
2,5922,False
3,5922,2368
4,5922,2688
5,5922,68
1,5923,0.03
2,5923,False
3,5923,810
4,5923,1558
5,5923,70
1,5924,8.97
2,5924,False
3,5924,2265
4,5924,2688
5,5924,63
1,5925,1.03
2,5925,True
3,5925,3670
4,5925,1558
5,5925,69
1,5926,0.03
2,5926,True
3,5926,1207
4,5926,2688
5,5926,64
1,5927,4.97
2,5927,True
3,5927,2166
4,5927,2688
5,5927,68
1,5928,2.03
2,5928,True
3,5928,2368
4,5928,2688
5,5928,68
1,5929,1.97
2,5929,False
3,5929,3780
4,5929,1558
5,5929,69
1,5930,6.03
2,5930,False
3,5930,580
4,5930,1558
5,5930,65
1,5931,3.97
2,5931,False
3,5931,1536
4,5931,1558
5,5931,62
1,5932,3.97
2,5932,False
3,5932,580
4,5932,1558
5,5932,64
1,5933,0.03
2,5933,False
3,5933,1003
4,5933,2688
5,5933,71
1,5934,8.03
2,5934,False
3,5934,3546
4,5934,1558
5,5934,72
1,5935,7.03
2,5935,True
3,5935,3546
4,5935,2688
5,5935,70
1,5936,3.97
2,5936,True
3,5936,3440
4,5936,1039
5,5936,64
1,5937,8.03
2,5937,False
3,5937,4290
4,5937,2688
5,5937,67
1,5938,3.03
2,5938,False
3,5938,478
4,5938,1039
5,5938,72
1,5939,3.03
2,5939,False
3,5939,2473
4,5939,2688
5,5939,68
1,5940,3.97
2,5940,True
3,5940,1973
4,5940,1558
5,5940,64
1,5941,0.97
2,5941,False
3,5941,1003
4,5941,1558
5,5941,63
1,5942,10.03
2,5942,False
3,5942,3021
4,5942,2688
5,5942,71
1,5943,4.03
2,5943,False
3,5943,3780
4,5943,2688
5,5943,65
1,5944,6.03
2,5944,True
3,5944,2265
4,5944,2688
5,5944,63
1,5945,0.03
2,5945,False
3,5945,3670
4,5945,1558
5,5945,67
1,5946,7.03
2,5946,False
3,5946,3546
4,5946,1039
5,5946,73
1,5947,3.03
2,5947,False
3,5947,5285
4,5947,1558
5,5947,67
1,5948,0.03
2,5948,True
3,5948,5285
4,5948,2688
5,5948,67
1,5949,8.97
2,5949,True
3,5949,1973
4,5949,1039
5,5949,66
1,5950,8.03
2,5950,True
3,5950,3127
4,5950,2688
5,5950,68
1,5951,1.97
2,5951,False
3,5951,2067
4,5951,1039
5,5951,70
1,5952,10.97
2,5952,True
3,5952,1973
4,5952,1039
5,5952,66
1,5953,2.03
2,5953,True
3,5953,4914
4,5953,2688
5,5953,69
1,5954,0.97
2,5954,False
3,5954,5028
4,5954,2688
5,5954,68
1,5955,8.03
2,5955,False
3,5955,360
4,5955,2688
5,5955,67
1,5956,3.97
2,5956,False
3,5956,5138
4,5956,2688
5,5956,61
1,5957,0.97
2,5957,False
3,5957,2067
4,5957,1039
5,5957,62
1,5958,5.97
2,5958,True
3,5958,2473
4,5958,2688
5,5958,69
1,5959,12.03
2,5959,True
3,5959,3546
4,5959,2688
5,5959,73
1,5960,1.03
2,5960,False
3,5960,1424
4,5960,1558
5,5960,66
1,5961,0.97
2,5961,False
3,5961,708
4,5961,1039
5,5961,67
1,5962,0.03
2,5962,False
3,5962,3999
4,5962,1558
5,5962,63
1,5963,12.97
2,5963,True
3,5963,2067
4,5963,2688
5,5963,62
1,5964,9.03
2,5964,True
3,5964,1096
4,5964,2688
5,5964,72
1,5965,1.03
2,5965,False
3,5965,3546
4,5965,2688
5,5965,63
1,5966,4.97
2,5966,False
3,5966,1207
4,5966,1558
5,5966,66
1,5967,2.97
2,5967,False
3,5967,3999
4,5967,2688
5,5967,61
1,5968,10.97
2,5968,True
3,5968,3440
4,5968,1558
5,5968,68
1,5969,2.03
2,5969,True
3,5969,2802
4,5969,2688
5,5969,63
1,5970,7.97
2,5970,True
3,5970,2265
4,5970,2688
5,5970,66
1,5971,7.03
2,5971,False
3,5971,4601
4,5971,2688
5,5971,66
1,5972,2.03
2,5972,False
3,5972,2067
4,5972,2688
5,5972,63
1,5973,2.03
2,5973,False
3,5973,3670
4,5973,2688
5,5973,67
1,5974,1.97
2,5974,False
3,5974,1096
4,5974,2688
5,5974,64
1,5975,1.97
2,5975,True
3,5975,1756
4,5975,2688
5,5975,69
1,5976,3.97
2,5976,False
3,5976,2689
4,5976,2688
5,5976,66
1,5977,5.03
2,5977,True
3,5977,2473
4,5977,2688
5,5977,69
1,5978,9.03
2,5978,False
3,5978,810
4,5978,1039
5,5978,72
1,5979,0.03
2,5979,False
3,5979,3231
4,5979,2688
5,5979,68
1,5980,0.03
2,5980,False
3,5980,5028
4,5980,2688
5,5980,66
1,5981,2.97
2,5981,True
3,5981,4601
4,5981,2688
5,5981,65
1,5982,5.03
2,5982,False
3,5982,2368
4,5982,2688
5,5982,70
1,5983,4.97
2,5983,True
3,5983,3021
4,5983,1558
5,5983,62
1,5984,6.97
2,5984,False
3,5984,580
4,5984,2688
5,5984,61
1,5985,3.03
2,5985,False
3,5985,4101
4,5985,1558
5,5985,70
1,5986,9.03
2,5986,False
3,5986,4809
4,5986,1558
5,5986,70
1,5987,0.03
2,5987,False
3,5987,708
4,5987,1558
5,5987,66
1,5988,7.97
2,5988,False
3,5988,2368
4,5988,2688
5,5988,67
1,5989,3.03
2,5989,True
3,5989,3999
4,5989,1558
5,5989,64
1,5990,8.03
2,5990,False
3,5990,1003
4,5990,2688
5,5990,70
1,5991,11.03
2,5991,True
3,5991,478
4,5991,2688
5,5991,73
1,5992,3.97
2,5992,True
3,5992,5028
4,5992,2688
5,5992,65
1,5993,2.97
2,5993,True
3,5993,3546
4,5993,1558
5,5993,64
1,5994,6.03
2,5994,False
3,5994,267
4,5994,1558
5,5994,68
1,5995,3.03
2,5995,False
3,5995,2918
4,5995,2688
5,5995,69
1,5996,4.97
2,5996,False
3,5996,708
4,5996,1039
5,5996,67
1,5997,1.97
2,5997,False
3,5997,2689
4,5997,1039
5,5997,69
1,5998,7.03
2,5998,False
3,5998,3780
4,5998,2688
5,5998,69
1,5999,9.03
2,5999,True
3,5999,1323
4,5999,1558
5,5999,73
1,6000,5.03
2,6000,True
3,6000,3334
4,6000,1558
5,6000,70
1,6001,3.03
2,6001,False
3,6001,2583
4,6001,1558
5,6001,71
1,6002,7.97
2,6002,True
3,6002,3440
4,6002,1039
5,6002,63
1,6003,6.97
2,6003,False
3,6003,55
4,6003,2688
5,6003,69
1,6004,2.03
2,6004,True
3,6004,162
4,6004,2688
5,6004,68
1,6005,0.97
2,6005,True
3,6005,4404
4,6005,2688
5,6005,69
1,6006,1.97
2,6006,False
3,6006,2067
4,6006,1558
5,6006,70
1,6007,5.03
2,6007,False
3,6007,2473
4,6007,2688
5,6007,71
1,6008,4.97
2,6008,True
3,6008,1536
4,6008,1558
5,6008,64
1,6009,2.03
2,6009,False
3,6009,3021
4,6009,2688
5,6009,67
1,6010,4.03
2,6010,False
3,6010,2918
4,6010,1558
5,6010,64
1,6011,0.97
2,6011,False
3,6011,580
4,6011,2688
5,6011,70
1,6012,4.97
2,6012,False
3,6012,1863
4,6012,2688
5,6012,67
1,6013,0.97
2,6013,False
3,6013,3127
4,6013,1558
5,6013,68
1,6014,4.03
2,6014,False
3,6014,1207
4,6014,1558
5,6014,66
1,6015,1.97
2,6015,False
3,6015,4914
4,6015,2688
5,6015,67
1,6016,0.03
2,6016,True
3,6016,2067
4,6016,2688
5,6016,70
1,6017,1.03
2,6017,False
3,6017,3021
4,6017,1558
5,6017,67
1,6018,14.97
2,6018,True
3,6018,2583
4,6018,1039
5,6018,66
1,6019,3.97
2,6019,False
3,6019,5138
4,6019,2688
5,6019,65
1,6020,9.97
2,6020,False
3,6020,478
4,6020,2688
5,6020,61
1,6021,4.03
2,6021,False
3,6021,5233
4,6021,2688
5,6021,72
1,6022,4.97
2,6022,False
3,6022,5138
4,6022,2688
5,6022,68
1,6023,2.03
2,6023,False
3,6023,5233
4,6023,2688
5,6023,70
1,6024,10.97
2,6024,True
3,6024,4290
4,6024,2688
5,6024,63
1,6025,10.97
2,6025,False
3,6025,1536
4,6025,2688
5,6025,63
1,6026,0.97
2,6026,False
3,6026,1756
4,6026,2688
5,6026,71
1,6027,4.97
2,6027,False
3,6027,3440
4,6027,2688
5,6027,68
1,6028,8.97
2,6028,False
3,6028,4290
4,6028,2688
5,6028,67
1,6029,2.03
2,6029,True
3,6029,2918
4,6029,1039
5,6029,67
1,6030,2.97
2,6030,False
3,6030,1756
4,6030,2688
5,6030,67
1,6031,7.97
2,6031,True
3,6031,4199
4,6031,2688
5,6031,65
1,6032,3.03
2,6032,True
3,6032,810
4,6032,2688
5,6032,69
1,6033,3.97
2,6033,False
3,6033,4704
4,6033,2688
5,6033,64
1,6034,4.03
2,6034,True
3,6034,4101
4,6034,1039
5,6034,69
1,6035,10.97
2,6035,True
3,6035,3893
4,6035,2688
5,6035,64
1,6036,12.03
2,6036,False
3,6036,2918
4,6036,2688
5,6036,74
1,6037,5.03
2,6037,False
3,6037,4501
4,6037,1558
5,6037,70
1,6038,10.03
2,6038,True
3,6038,3334
4,6038,2688
5,6038,71
1,6039,7.97
2,6039,False
3,6039,2473
4,6039,2688
5,6039,69
1,6040,4.03
2,6040,True
3,6040,2368
4,6040,1039
5,6040,65
1,6041,1.03
2,6041,True
3,6041,4704
4,6041,2688
5,6041,66
1,6042,1.97
2,6042,True
3,6042,1863
4,6042,2688
5,6042,68
1,6043,9.03
2,6043,True
3,6043,1207
4,6043,2688
5,6043,71
1,6044,3.03
2,6044,False
3,6044,4601
4,6044,2688
5,6044,67
1,6045,1.97
2,6045,False
3,6045,3231
4,6045,2688
5,6045,68
1,6046,7.97
2,6046,True
3,6046,4290
4,6046,2688
5,6046,62
1,6047,7.97
2,6047,True
3,6047,3334
4,6047,1558
5,6047,60
1,6048,1.97
2,6048,False
3,6048,2265
4,6048,2688
5,6048,64
1,6049,3.03
2,6049,True
3,6049,1096
4,6049,2688
5,6049,66
1,6050,8.97
2,6050,False
3,6050,267
4,6050,2688
5,6050,65
1,6051,7.03
2,6051,False
3,6051,3231
4,6051,2688
5,6051,64
1,6052,9.03
2,6052,False
3,6052,2583
4,6052,1558
5,6052,71
1,6053,5.03
2,6053,False
3,6053,708
4,6053,2688
5,6053,70
1,6054,0.03
2,6054,False
3,6054,360
4,6054,1558
5,6054,68
1,6055,5.03
2,6055,False
3,6055,3231
4,6055,1558
5,6055,65
1,6056,6.03
2,6056,True
3,6056,4404
4,6056,1039
5,6056,70
1,6057,8.97
2,6057,False
3,6057,1424
4,6057,1039
5,6057,61
1,6058,5.03
2,6058,False
3,6058,1651
4,6058,2688
5,6058,66
1,6059,4.97
2,6059,False
3,6059,2473
4,6059,1039
5,6059,67
1,6060,2.97
2,6060,False
3,6060,1756
4,6060,2688
5,6060,66
1,6061,7.97
2,6061,False
3,6061,4404
4,6061,1558
5,6061,67
1,6062,6.03
2,6062,False
3,6062,3127
4,6062,2688
5,6062,69
1,6063,2.97
2,6063,False
3,6063,3893
4,6063,2688
5,6063,65
1,6064,2.03
2,6064,False
3,6064,2067
4,6064,2688
5,6064,68
1,6065,3.97
2,6065,False
3,6065,267
4,6065,2688
5,6065,65
1,6066,1.03
2,6066,True
3,6066,360
4,6066,2688
5,6066,68
1,6067,0.03
2,6067,True
3,6067,2265
4,6067,2688
5,6067,68
1,6068,2.03
2,6068,False
3,6068,3670
4,6068,1558
5,6068,67
1,6069,6.03
2,6069,False
3,6069,1096
4,6069,1558
5,6069,72
1,6070,7.03
2,6070,False
3,6070,3999
4,6070,1039
5,6070,71
1,6071,13.03
2,6071,True
3,6071,1651
4,6071,2688
5,6071,68
1,6072,0.97
2,6072,True
3,6072,1096
4,6072,1039
5,6072,66
1,6073,1.97
2,6073,False
3,6073,5028
4,6073,1558
5,6073,67
1,6074,9.03
2,6074,False
3,6074,360
4,6074,1039
5,6074,66
1,6075,2.97
2,6075,False
3,6075,1323
4,6075,1558
5,6075,65
1,6076,0.03
2,6076,True
3,6076,2067
4,6076,1039
5,6076,70
1,6077,2.97
2,6077,False
3,6077,902
4,6077,1558
5,6077,68
1,6078,1.03
2,6078,True
3,6078,4101
4,6078,2688
5,6078,66
1,6079,1.03
2,6079,False
3,6079,55
4,6079,2688
5,6079,72
1,6080,1.03
2,6080,False
3,6080,478
4,6080,1558
5,6080,64
1,6081,1.03
2,6081,True
3,6081,1096
4,6081,2688
5,6081,69
1,6082,12.97
2,6082,False
3,6082,1003
4,6082,2688
5,6082,67
1,6083,3.03
2,6083,False
3,6083,1424
4,6083,1558
5,6083,67
1,6084,6.97
2,6084,True
3,6084,3670
4,6084,2688
5,6084,62
1,6085,5.97
2,6085,False
3,6085,2265
4,6085,2688
5,6085,64
1,6086,0.97
2,6086,False
3,6086,1003
4,6086,2688
5,6086,65
1,6087,5.97
2,6087,False
3,6087,1096
4,6087,2688
5,6087,65
1,6088,0.97
2,6088,True
3,6088,4290
4,6088,1039
5,6088,63
1,6089,2.97
2,6089,False
3,6089,2265
4,6089,2688
5,6089,68
1,6090,4.03
2,6090,False
3,6090,5138
4,6090,1558
5,6090,69
1,6091,1.03
2,6091,True
3,6091,5138
4,6091,1558
5,6091,66
1,6092,0.97
2,6092,True
3,6092,4809
4,6092,2688
5,6092,64
1,6093,3.97
2,6093,False
3,6093,1096
4,6093,1039
5,6093,65
1,6094,1.97
2,6094,False
3,6094,810
4,6094,2688
5,6094,73
1,6095,3.97
2,6095,False
3,6095,5233
4,6095,1039
5,6095,64
1,6096,6.97
2,6096,False
3,6096,4501
4,6096,2688
5,6096,67
1,6097,0.03
2,6097,False
3,6097,2689
4,6097,1039
5,6097,67
1,6098,4.03
2,6098,False
3,6098,4914
4,6098,2688
5,6098,64
1,6099,3.03
2,6099,True
3,6099,4404
4,6099,2688
5,6099,68
1,6100,10.97
2,6100,False
3,6100,3440
4,6100,1558
5,6100,59
1,6101,2.03
2,6101,True
3,6101,1096
4,6101,1039
5,6101,67
1,6102,7.97
2,6102,False
3,6102,4501
4,6102,2688
5,6102,65
1,6103,3.97
2,6103,True
3,6103,2265
4,6103,2688
5,6103,68
1,6104,6.03
2,6104,False
3,6104,4601
4,6104,1558
5,6104,71
1,6105,1.03
2,6105,True
3,6105,5138
4,6105,2688
5,6105,65
1,6106,3.03
2,6106,True
3,6106,4290
4,6106,2688
5,6106,65
1,6107,5.97
2,6107,True
3,6107,1096
4,6107,1558
5,6107,63
1,6108,9.03
2,6108,False
3,6108,1003
4,6108,1558
5,6108,73
1,6109,6.97
2,6109,True
3,6109,3231
4,6109,2688
5,6109,67
1,6110,6.97
2,6110,True
3,6110,3021
4,6110,2688
5,6110,65
1,6111,12.03
2,6111,True
3,6111,2473
4,6111,1558
5,6111,70
1,6112,7.03
2,6112,True
3,6112,2473
4,6112,2688
5,6112,68
1,6113,3.03
2,6113,False
3,6113,2583
4,6113,2688
5,6113,67
1,6114,1.97
2,6114,False
3,6114,3021
4,6114,2688
5,6114,64
1,6115,8.03
2,6115,False
3,6115,902
4,6115,1558
5,6115,68
1,6116,5.03
2,6116,True
3,6116,3893
4,6116,2688
5,6116,67
1,6117,6.03
2,6117,False
3,6117,1207
4,6117,2688
5,6117,71
1,6118,5.03
2,6118,False
3,6118,4914
4,6118,2688
5,6118,66
1,6119,5.97
2,6119,False
3,6119,4704
4,6119,1558
5,6119,65
1,6120,3.03
2,6120,False
3,6120,2067
4,6120,2688
5,6120,71
1,6121,3.97
2,6121,True
3,6121,4290
4,6121,2688
5,6121,67
1,6122,2.97
2,6122,False
3,6122,3670
4,6122,2688
5,6122,63
1,6123,8.03
2,6123,True
3,6123,2689
4,6123,1558
5,6123,68
1,6124,1.03
2,6124,True
3,6124,1003
4,6124,1039
5,6124,66
1,6125,1.97
2,6125,False
3,6125,4601
4,6125,1558
5,6125,69
1,6126,0.03
2,6126,True
3,6126,5233
4,6126,1558
5,6126,65
1,6127,0.97
2,6127,False
3,6127,3440
4,6127,2688
5,6127,71
1,6128,2.97
2,6128,False
3,6128,3670
4,6128,2688
5,6128,69
1,6129,4.97
2,6129,False
3,6129,5285
4,6129,1558
5,6129,63
1,6130,1.03
2,6130,False
3,6130,3780
4,6130,2688
5,6130,67
1,6131,5.03
2,6131,True
3,6131,5233
4,6131,1558
5,6131,69
1,6132,2.03
2,6132,False
3,6132,4501
4,6132,2688
5,6132,69
1,6133,0.97
2,6133,True
3,6133,3999
4,6133,2688
5,6133,64
1,6134,17.97
2,6134,False
3,6134,2473
4,6134,2688
5,6134,66
1,6135,3.03
2,6135,False
3,6135,1003
4,6135,1039
5,6135,70
1,6136,0.03
2,6136,False
3,6136,2166
4,6136,1039
5,6136,69
1,6137,15.03
2,6137,False
3,6137,4404
4,6137,2688
5,6137,70
1,6138,1.97
2,6138,False
3,6138,3127
4,6138,1039
5,6138,69
1,6139,1.97
2,6139,True
3,6139,2067
4,6139,2688
5,6139,66
1,6140,1.97
2,6140,True
3,6140,3893
4,6140,2688
5,6140,65
1,6141,5.03
2,6141,False
3,6141,708
4,6141,1039
5,6141,68
1,6142,7.97
2,6142,False
3,6142,2368
4,6142,1558
5,6142,64
1,6143,7.97
2,6143,True
3,6143,267
4,6143,2688
5,6143,63
1,6144,4.03
2,6144,True
3,6144,2918
4,6144,2688
5,6144,69
1,6145,6.03
2,6145,False
3,6145,267
4,6145,2688
5,6145,69
1,6146,3.97
2,6146,False
3,6146,1651
4,6146,1039
5,6146,66
1,6147,3.03
2,6147,True
3,6147,4809
4,6147,1039
5,6147,70
1,6148,4.03
2,6148,False
3,6148,162
4,6148,1039
5,6148,71
1,6149,2.03
2,6149,True
3,6149,3670
4,6149,1558
5,6149,64
1,6150,0.03
2,6150,False
3,6150,3546
4,6150,1558
5,6150,68
1,6151,2.97
2,6151,True
3,6151,4914
4,6151,1558
5,6151,62
1,6152,4.97
2,6152,False
3,6152,1651
4,6152,2688
5,6152,65
1,6153,4.97
2,6153,True
3,6153,1096
4,6153,1039
5,6153,70
1,6154,0.03
2,6154,False
3,6154,1863
4,6154,2688
5,6154,67
1,6155,0.97
2,6155,True
3,6155,3440
4,6155,2688
5,6155,68
1,6156,3.03
2,6156,False
3,6156,3670
4,6156,1558
5,6156,68
1,6157,3.97
2,6157,True
3,6157,1536
4,6157,1558
5,6157,67
1,6158,1.97
2,6158,True
3,6158,1323
4,6158,2688
5,6158,65
1,6159,2.97
2,6159,True
3,6159,1096
4,6159,1039
5,6159,66
1,6160,1.03
2,6160,False
3,6160,2265
4,6160,1558
5,6160,65
1,6161,11.97
2,6161,False
3,6161,4501
4,6161,1558
5,6161,62
1,6162,9.97
2,6162,False
3,6162,3893
4,6162,1558
5,6162,66
1,6163,7.97
2,6163,False
3,6163,4501
4,6163,2688
5,6163,60
1,6164,2.97
2,6164,True
3,6164,1424
4,6164,1039
5,6164,64
1,6165,4.97
2,6165,True
3,6165,2689
4,6165,2688
5,6165,67
1,6166,3.03
2,6166,False
3,6166,810
4,6166,1039
5,6166,66
1,6167,1.03
2,6167,False
3,6167,3999
4,6167,2688
5,6167,69
1,6168,10.97
2,6168,False
3,6168,3999
4,6168,2688
5,6168,67
1,6169,2.97
2,6169,False
3,6169,3440
4,6169,2688
5,6169,69
1,6170,5.97
2,6170,False
3,6170,2802
4,6170,2688
5,6170,65
1,6171,0.03
2,6171,True
3,6171,5138
4,6171,2688
5,6171,62
1,6172,1.03
2,6172,False
3,6172,1323
4,6172,1558
5,6172,65
1,6173,7.97
2,6173,True
3,6173,478
4,6173,2688
5,6173,69
1,6174,6.97
2,6174,False
3,6174,1003
4,6174,1558
5,6174,68
1,6175,6.03
2,6175,False
3,6175,2583
4,6175,2688
5,6175,70
1,6176,3.97
2,6176,False
3,6176,4601
4,6176,1039
5,6176,66
1,6177,8.97
2,6177,False
3,6177,3127
4,6177,1558
5,6177,63
1,6178,0.97
2,6178,False
3,6178,3021
4,6178,1039
5,6178,64
1,6179,2.03
2,6179,False
3,6179,3780
4,6179,2688
5,6179,70
1,6180,2.03
2,6180,False
3,6180,2583
4,6180,2688
5,6180,65
1,6181,8.97
2,6181,True
3,6181,3670
4,6181,1039
5,6181,67
1,6182,2.03
2,6182,False
3,6182,3780
4,6182,1558
5,6182,64
1,6183,0.03
2,6183,True
3,6183,4404
4,6183,1558
5,6183,64
1,6184,10.97
2,6184,False
3,6184,4199
4,6184,1039
5,6184,63
1,6185,8.03
2,6185,False
3,6185,2918
4,6185,2688
5,6185,67
1,6186,2.97
2,6186,False
3,6186,4199
4,6186,1558
5,6186,69
1,6187,2.97
2,6187,False
3,6187,4914
4,6187,1039
5,6187,63
1,6188,4.03
2,6188,True
3,6188,5028
4,6188,2688
5,6188,69
1,6189,6.03
2,6189,False
3,6189,2689
4,6189,1558
5,6189,69
1,6190,3.97
2,6190,False
3,6190,3999
4,6190,1039
5,6190,68
1,6191,0.03
2,6191,False
3,6191,3670
4,6191,2688
5,6191,66
1,6192,3.03
2,6192,True
3,6192,3670
4,6192,1558
5,6192,66
1,6193,6.03
2,6193,False
3,6193,1323
4,6193,2688
5,6193,71
1,6194,0.03
2,6194,False
3,6194,3127
4,6194,2688
5,6194,68
1,6195,3.03
2,6195,False
3,6195,1323
4,6195,1039
5,6195,70
1,6196,2.03
2,6196,False
3,6196,1323
4,6196,1558
5,6196,64
1,6197,3.97
2,6197,False
3,6197,1424
4,6197,2688
5,6197,64
1,6198,3.03
2,6198,False
3,6198,4704
4,6198,2688
5,6198,70
1,6199,6.03
2,6199,False
3,6199,3546
4,6199,1558
5,6199,66
1,6200,2.03
2,6200,False
3,6200,1973
4,6200,1039
5,6200,66
1,6201,2.97
2,6201,False
3,6201,4290
4,6201,1558
5,6201,67
1,6202,2.03
2,6202,True
3,6202,3021
4,6202,2688
5,6202,68
1,6203,5.97
2,6203,True
3,6203,4501
4,6203,1039
5,6203,66
1,6204,14.03
2,6204,False
3,6204,2583
4,6204,2688
5,6204,69
1,6205,1.97
2,6205,True
3,6205,2166
4,6205,1039
5,6205,68
1,6206,7.97
2,6206,True
3,6206,5233
4,6206,2688
5,6206,62
1,6207,4.03
2,6207,False
3,6207,478
4,6207,2688
5,6207,66
1,6208,6.97
2,6208,False
3,6208,4404
4,6208,1558
5,6208,67
1,6209,10.97
2,6209,False
3,6209,1003
4,6209,2688
5,6209,67
1,6210,7.03
2,6210,False
3,6210,1003
4,6210,2688
5,6210,67
1,6211,0.97
2,6211,False
3,6211,4199
4,6211,1039
5,6211,63
1,6212,6.97
2,6212,True
3,6212,478
4,6212,1039
5,6212,67
1,6213,5.97
2,6213,True
3,6213,2583
4,6213,2688
5,6213,66
1,6214,3.03
2,6214,False
3,6214,2166
4,6214,2688
5,6214,68
1,6215,9.03
2,6215,False
3,6215,810
4,6215,1558
5,6215,70
1,6216,19.03
2,6216,False
3,6216,4914
4,6216,1039
5,6216,74
1,6217,8.97
2,6217,False
3,6217,1973
4,6217,1039
5,6217,69
1,6218,12.97
2,6218,False
3,6218,4601
4,6218,1039
5,6218,66
1,6219,2.03
2,6219,False
3,6219,3440
4,6219,1039
5,6219,68
1,6220,12.97
2,6220,False
3,6220,2583
4,6220,2688
5,6220,63
1,6221,3.97
2,6221,False
3,6221,3670
4,6221,2688
5,6221,68
1,6222,0.97
2,6222,False
3,6222,4809
4,6222,1558
5,6222,63
1,6223,3.03
2,6223,True
3,6223,1536
4,6223,2688
5,6223,67
1,6224,0.97
2,6224,False
3,6224,1863
4,6224,1039
5,6224,67
1,6225,1.97
2,6225,True
3,6225,708
4,6225,2688
5,6225,69
1,6226,5.97
2,6226,False
3,6226,3999
4,6226,2688
5,6226,61
1,6227,0.97
2,6227,False
3,6227,3670
4,6227,2688
5,6227,64
1,6228,6.03
2,6228,False
3,6228,1003
4,6228,2688
5,6228,66
1,6229,8.03
2,6229,False
3,6229,2265
4,6229,1039
5,6229,70
1,6230,2.03
2,6230,True
3,6230,478
4,6230,2688
5,6230,66
1,6231,1.97
2,6231,True
3,6231,1003
4,6231,1039
5,6231,64
1,6232,1.97
2,6232,False
3,6232,3780
4,6232,1558
5,6232,70
1,6233,1.03
2,6233,True
3,6233,1973
4,6233,2688
5,6233,68
1,6234,3.03
2,6234,False
3,6234,708
4,6234,1039
5,6234,69
1,6235,4.97
2,6235,True
3,6235,3780
4,6235,1558
5,6235,64
1,6236,4.97
2,6236,True
3,6236,2368
4,6236,2688
5,6236,63
1,6237,5.97
2,6237,False
3,6237,1096
4,6237,1558
5,6237,64
1,6238,0.03
2,6238,False
3,6238,2583
4,6238,2688
5,6238,66
1,6239,4.03
2,6239,True
3,6239,3670
4,6239,1039
5,6239,68
1,6240,10.03
2,6240,False
3,6240,1536
4,6240,1558
5,6240,67
1,6241,0.97
2,6241,False
3,6241,4290
4,6241,1039
5,6241,71
1,6242,0.03
2,6242,False
3,6242,3231
4,6242,2688
5,6242,64
1,6243,6.97
2,6243,False
3,6243,2067
4,6243,2688
5,6243,68
1,6244,4.03
2,6244,True
3,6244,810
4,6244,1039
5,6244,69
1,6245,2.03
2,6245,False
3,6245,3999
4,6245,2688
5,6245,65
1,6246,5.97
2,6246,False
3,6246,4404
4,6246,1039
5,6246,66
1,6247,0.97
2,6247,False
3,6247,4601
4,6247,2688
5,6247,65
1,6248,8.97
2,6248,True
3,6248,2583
4,6248,1039
5,6248,66
1,6249,9.97
2,6249,True
3,6249,5028
4,6249,1039
5,6249,62
1,6250,2.97
2,6250,True
3,6250,1207
4,6250,1039
5,6250,67
1,6251,4.97
2,6251,False
3,6251,580
4,6251,1558
5,6251,65
1,6252,7.03
2,6252,False
3,6252,1973
4,6252,2688
5,6252,69
1,6253,0.97
2,6253,False
3,6253,2689
4,6253,2688
5,6253,67
1,6254,0.97
2,6254,False
3,6254,1651
4,6254,2688
5,6254,71
1,6255,9.03
2,6255,False
3,6255,1536
4,6255,2688
5,6255,74
1,6256,1.03
2,6256,True
3,6256,4199
4,6256,1039
5,6256,69
1,6257,7.03
2,6257,True
3,6257,2802
4,6257,2688
5,6257,67
1,6258,1.03
2,6258,False
3,6258,162
4,6258,2688
5,6258,70
1,6259,2.97
2,6259,False
3,6259,3127
4,6259,2688
5,6259,66
1,6260,0.03
2,6260,False
3,6260,3440
4,6260,1039
5,6260,67
1,6261,3.03
2,6261,True
3,6261,3334
4,6261,1558
5,6261,71
1,6262,9.97
2,6262,False
3,6262,1096
4,6262,2688
5,6262,65
1,6263,6.03
2,6263,False
3,6263,3127
4,6263,1039
5,6263,66
1,6264,3.97
2,6264,True
3,6264,1536
4,6264,2688
5,6264,68
1,6265,5.97
2,6265,False
3,6265,3021
4,6265,1039
5,6265,66
1,6266,1.97
2,6266,False
3,6266,3231
4,6266,2688
5,6266,68
1,6267,6.03
2,6267,True
3,6267,2067
4,6267,2688
5,6267,70
1,6268,8.03
2,6268,False
3,6268,2166
4,6268,1558
5,6268,66
1,6269,11.97
2,6269,False
3,6269,360
4,6269,1558
5,6269,67
1,6270,3.97
2,6270,False
3,6270,3334
4,6270,2688
5,6270,67
1,6271,9.97
2,6271,False
3,6271,5028
4,6271,1558
5,6271,62
1,6272,0.03
2,6272,False
3,6272,5028
4,6272,1039
5,6272,64
1,6273,1.03
2,6273,False
3,6273,5233
4,6273,1039
5,6273,70
1,6274,2.03
2,6274,False
3,6274,267
4,6274,1039
5,6274,67
1,6275,3.03
2,6275,True
3,6275,1003
4,6275,1558
5,6275,69
1,6276,6.97
2,6276,False
3,6276,1096
4,6276,2688
5,6276,62
1,6277,2.03
2,6277,False
3,6277,2583
4,6277,2688
5,6277,68
1,6278,0.03
2,6278,False
3,6278,3127
4,6278,1558
5,6278,63
1,6279,7.97
2,6279,False
3,6279,1207
4,6279,2688
5,6279,67
1,6280,6.03
2,6280,False
3,6280,267
4,6280,2688
5,6280,71
1,6281,8.97
2,6281,False
3,6281,3334
4,6281,1558
5,6281,64
1,6282,2.97
2,6282,True
3,6282,3670
4,6282,2688
5,6282,68
1,6283,8.97
2,6283,True
3,6283,902
4,6283,1558
5,6283,62
1,6284,3.03
2,6284,True
3,6284,4290
4,6284,1039
5,6284,66
1,6285,5.03
2,6285,False
3,6285,2583
4,6285,2688
5,6285,67
1,6286,5.03
2,6286,False
3,6286,2067
4,6286,1039
5,6286,71
1,6287,3.03
2,6287,False
3,6287,3546
4,6287,1558
5,6287,64
1,6288,5.03
2,6288,True
3,6288,810
4,6288,1039
5,6288,72
1,6289,3.03
2,6289,False
3,6289,4914
4,6289,2688
5,6289,68
1,6290,1.97
2,6290,True
3,6290,3127
4,6290,1558
5,6290,63
1,6291,1.03
2,6291,False
3,6291,3670
4,6291,1039
5,6291,64
1,6292,8.03
2,6292,True
3,6292,55
4,6292,2688
5,6292,73
1,6293,6.97
2,6293,False
3,6293,4199
4,6293,2688
5,6293,64
1,6294,2.97
2,6294,False
3,6294,1651
4,6294,1039
5,6294,67
1,6295,0.03
2,6295,True
3,6295,1863
4,6295,2688
5,6295,64
1,6296,6.97
2,6296,True
3,6296,2918
4,6296,1558
5,6296,65
1,6297,2.03
2,6297,False
3,6297,1651
4,6297,2688
5,6297,68
1,6298,1.97
2,6298,False
3,6298,4704
4,6298,1558
5,6298,69
1,6299,2.03
2,6299,False
3,6299,4501
4,6299,2688
5,6299,67
1,6300,10.97
2,6300,False
3,6300,2166
4,6300,2688
5,6300,62
1,6301,4.03
2,6301,True
3,6301,2368
4,6301,1039
5,6301,67
1,6302,0.97
2,6302,False
3,6302,3999
4,6302,1039
5,6302,65
1,6303,8.03
2,6303,False
3,6303,267
4,6303,2688
5,6303,72
1,6304,1.03
2,6304,False
3,6304,4404
4,6304,1558
5,6304,68
1,6305,3.03
2,6305,False
3,6305,3231
4,6305,2688
5,6305,69
1,6306,1.97
2,6306,False
3,6306,4914
4,6306,1558
5,6306,65
1,6307,0.97
2,6307,False
3,6307,4501
4,6307,2688
5,6307,63
1,6308,1.03
2,6308,False
3,6308,2166
4,6308,2688
5,6308,68
1,6309,3.97
2,6309,False
3,6309,5028
4,6309,1039
5,6309,68
1,6310,4.03
2,6310,True
3,6310,3440
4,6310,2688
5,6310,64
1,6311,13.97
2,6311,False
3,6311,708
4,6311,2688
5,6311,62
1,6312,10.03
2,6312,True
3,6312,2166
4,6312,2688
5,6312,71
1,6313,12.03
2,6313,False
3,6313,360
4,6313,1039
5,6313,68
1,6314,5.97
2,6314,False
3,6314,478
4,6314,1558
5,6314,66
1,6315,2.03
2,6315,True
3,6315,4914
4,6315,2688
5,6315,71
1,6316,1.97
2,6316,True
3,6316,478
4,6316,2688
5,6316,63
1,6317,4.97
2,6317,True
3,6317,4404
4,6317,1039
5,6317,69
1,6318,1.03
2,6318,False
3,6318,2689
4,6318,1039
5,6318,68
1,6319,3.97
2,6319,False
3,6319,4290
4,6319,2688
5,6319,65
1,6320,12.03
2,6320,False
3,6320,3893
4,6320,2688
5,6320,69
1,6321,5.03
2,6321,False
3,6321,4501
4,6321,2688
5,6321,69
1,6322,3.03
2,6322,False
3,6322,5138
4,6322,1039
5,6322,70
1,6323,3.03
2,6323,True
3,6323,810
4,6323,2688
5,6323,71
1,6324,9.97
2,6324,True
3,6324,3893
4,6324,1558
5,6324,64
1,6325,6.03
2,6325,False
3,6325,478
4,6325,2688
5,6325,67
1,6326,4.97
2,6326,False
3,6326,5028
4,6326,2688
5,6326,65
1,6327,11.97
2,6327,True
3,6327,3127
4,6327,2688
5,6327,68
1,6328,5.97
2,6328,False
3,6328,3546
4,6328,2688
5,6328,66
1,6329,2.97
2,6329,False
3,6329,4199
4,6329,2688
5,6329,64
1,6330,4.03
2,6330,False
3,6330,580
4,6330,2688
5,6330,64
1,6331,0.97
2,6331,True
3,6331,360
4,6331,1558
5,6331,66
1,6332,24.03
2,6332,False
3,6332,2689
4,6332,1558
5,6332,67
1,6333,8.97
2,6333,False
3,6333,4914
4,6333,1558
5,6333,66
1,6334,7.97
2,6334,False
3,6334,55
4,6334,2688
5,6334,62
1,6335,4.03
2,6335,False
3,6335,4199
4,6335,2688
5,6335,66
1,6336,1.03
2,6336,False
3,6336,2689
4,6336,1039
5,6336,67
1,6337,7.03
2,6337,True
3,6337,902
4,6337,2688
5,6337,67
1,6338,3.97
2,6338,True
3,6338,902
4,6338,2688
5,6338,63
1,6339,2.97
2,6339,True
3,6339,2473
4,6339,1558
5,6339,66
1,6340,6.03
2,6340,False
3,6340,5028
4,6340,2688
5,6340,70
1,6341,3.97
2,6341,False
3,6341,580
4,6341,1558
5,6341,63
1,6342,4.03
2,6342,True
3,6342,3127
4,6342,1558
5,6342,70
1,6343,3.97
2,6343,False
3,6343,5138
4,6343,2688
5,6343,69
1,6344,2.97
2,6344,True
3,6344,1756
4,6344,1039
5,6344,65
1,6345,9.03
2,6345,False
3,6345,3440
4,6345,2688
5,6345,68
1,6346,3.97
2,6346,False
3,6346,360
4,6346,2688
5,6346,71
1,6347,3.97
2,6347,True
3,6347,4914
4,6347,1558
5,6347,61
1,6348,8.03
2,6348,False
3,6348,1651
4,6348,2688
5,6348,70
1,6349,2.97
2,6349,False
3,6349,1096
4,6349,1039
5,6349,68
1,6350,1.97
2,6350,False
3,6350,1207
4,6350,2688
5,6350,67
1,6351,7.97
2,6351,True
3,6351,1323
4,6351,1039
5,6351,69
1,6352,2.97
2,6352,False
3,6352,3231
4,6352,2688
5,6352,64
1,6353,7.97
2,6353,False
3,6353,4914
4,6353,2688
5,6353,63
1,6354,0.03
2,6354,False
3,6354,2067
4,6354,2688
5,6354,67
1,6355,4.03
2,6355,False
3,6355,2368
4,6355,2688
5,6355,72
1,6356,5.03
2,6356,True
3,6356,2473
4,6356,1558
5,6356,71
1,6357,5.97
2,6357,False
3,6357,2583
4,6357,2688
5,6357,65
1,6358,1.03
2,6358,False
3,6358,2918
4,6358,2688
5,6358,65
1,6359,5.03
2,6359,False
3,6359,2265
4,6359,1558
5,6359,67
1,6360,8.03
2,6360,False
3,6360,3334
4,6360,2688
5,6360,70
1,6361,9.03
2,6361,True
3,6361,4914
4,6361,1558
5,6361,71
1,6362,0.03
2,6362,True
3,6362,3021
4,6362,2688
5,6362,65
1,6363,7.03
2,6363,False
3,6363,1651
4,6363,2688
5,6363,71
1,6364,2.03
2,6364,True
3,6364,902
4,6364,1558
5,6364,69
1,6365,1.97
2,6365,False
3,6365,3127
4,6365,1558
5,6365,65
1,6366,4.03
2,6366,True
3,6366,5233
4,6366,1039
5,6366,67
1,6367,7.97
2,6367,True
3,6367,1973
4,6367,1039
5,6367,67
1,6368,5.03
2,6368,True
3,6368,3127
4,6368,2688
5,6368,64
1,6369,6.03
2,6369,False
3,6369,3780
4,6369,1039
5,6369,71
1,6370,6.97
2,6370,False
3,6370,4914
4,6370,1558
5,6370,64
1,6371,2.97
2,6371,True
3,6371,2368
4,6371,1558
5,6371,64
1,6372,10.97
2,6372,False
3,6372,1536
4,6372,2688
5,6372,65
1,6373,8.03
2,6373,True
3,6373,902
4,6373,1558
5,6373,67
1,6374,10.03
2,6374,True
3,6374,5138
4,6374,1558
5,6374,71
1,6375,3.97
2,6375,True
3,6375,3127
4,6375,2688
5,6375,65
1,6376,2.03
2,6376,False
3,6376,4290
4,6376,1558
5,6376,67
1,6377,3.03
2,6377,False
3,6377,3670
4,6377,2688
5,6377,67
1,6378,7.03
2,6378,False
3,6378,5028
4,6378,2688
5,6378,68
1,6379,6.03
2,6379,False
3,6379,3670
4,6379,2688
5,6379,67
1,6380,6.03
2,6380,False
3,6380,360
4,6380,2688
5,6380,71
1,6381,8.03
2,6381,False
3,6381,3231
4,6381,2688
5,6381,70
1,6382,6.03
2,6382,False
3,6382,3999
4,6382,2688
5,6382,66
1,6383,4.03
2,6383,True
3,6383,902
4,6383,1558
5,6383,65
1,6384,7.03
2,6384,True
3,6384,3780
4,6384,1558
5,6384,66
1,6385,6.97
2,6385,True
3,6385,5028
4,6385,1039
5,6385,65
1,6386,5.97
2,6386,False
3,6386,1651
4,6386,1039
5,6386,65
1,6387,0.97
2,6387,False
3,6387,4601
4,6387,1558
5,6387,68
1,6388,1.97
2,6388,True
3,6388,4914
4,6388,1558
5,6388,69
1,6389,5.97
2,6389,True
3,6389,5285
4,6389,2688
5,6389,62
1,6390,12.03
2,6390,False
3,6390,478
4,6390,2688
5,6390,70
1,6391,8.97
2,6391,False
3,6391,1973
4,6391,1558
5,6391,68
1,6392,2.97
2,6392,False
3,6392,478
4,6392,2688
5,6392,65
1,6393,6.97
2,6393,False
3,6393,3231
4,6393,1039
5,6393,65
1,6394,0.97
2,6394,False
3,6394,4704
4,6394,2688
5,6394,63
1,6395,1.03
2,6395,True
3,6395,2265
4,6395,1558
5,6395,68
1,6396,2.03
2,6396,True
3,6396,162
4,6396,2688
5,6396,69
1,6397,4.97
2,6397,True
3,6397,902
4,6397,2688
5,6397,67
1,6398,0.03
2,6398,True
3,6398,2067
4,6398,2688
5,6398,63
1,6399,0.97
2,6399,False
3,6399,4601
4,6399,1558
5,6399,62
1,6400,10.97
2,6400,False
3,6400,5028
4,6400,2688
5,6400,59
1,6401,2.97
2,6401,False
3,6401,4101
4,6401,2688
5,6401,69
1,6402,5.97
2,6402,False
3,6402,5233
4,6402,2688
5,6402,69
1,6403,8.03
2,6403,False
3,6403,162
4,6403,1558
5,6403,66
1,6404,4.03
2,6404,False
3,6404,2689
4,6404,2688
5,6404,67
1,6405,6.97
2,6405,False
3,6405,478
4,6405,1039
5,6405,66
1,6406,0.97
2,6406,False
3,6406,2583
4,6406,2688
5,6406,65
1,6407,4.97
2,6407,False
3,6407,2265
4,6407,2688
5,6407,65
1,6408,4.03
2,6408,False
3,6408,2166
4,6408,1039
5,6408,70
1,6409,5.97
2,6409,True
3,6409,1651
4,6409,2688
5,6409,62
1,6410,2.03
2,6410,True
3,6410,5028
4,6410,1039
5,6410,65
1,6411,8.97
2,6411,False
3,6411,4809
4,6411,2688
5,6411,60
1,6412,0.97
2,6412,True
3,6412,3334
4,6412,2688
5,6412,67
1,6413,8.97
2,6413,False
3,6413,4601
4,6413,1039
5,6413,63
1,6414,4.03
2,6414,False
3,6414,1323
4,6414,1558
5,6414,71
1,6415,4.03
2,6415,False
3,6415,478
4,6415,2688
5,6415,71
1,6416,2.97
2,6416,False
3,6416,3127
4,6416,2688
5,6416,64
1,6417,0.03
2,6417,False
3,6417,5285
4,6417,2688
5,6417,69
1,6418,1.97
2,6418,False
3,6418,1863
4,6418,1558
5,6418,65
1,6419,2.03
2,6419,True
3,6419,2067
4,6419,1039
5,6419,66
1,6420,1.97
2,6420,False
3,6420,1536
4,6420,2688
5,6420,68
1,6421,2.03
2,6421,True
3,6421,3780
4,6421,1558
5,6421,64
1,6422,1.03
2,6422,True
3,6422,4809
4,6422,1039
5,6422,67
1,6423,7.03
2,6423,True
3,6423,1536
4,6423,2688
5,6423,71
1,6424,5.03
2,6424,False
3,6424,3999
4,6424,2688
5,6424,64
1,6425,2.97
2,6425,True
3,6425,4101
4,6425,1558
5,6425,63
1,6426,11.03
2,6426,True
3,6426,902
4,6426,1558
5,6426,72
1,6427,3.97
2,6427,False
3,6427,5138
4,6427,2688
5,6427,60
1,6428,9.03
2,6428,True
3,6428,3231
4,6428,1558
5,6428,65
1,6429,7.03
2,6429,True
3,6429,5028
4,6429,1558
5,6429,64
1,6430,6.03
2,6430,False
3,6430,580
4,6430,1558
5,6430,67
1,6431,3.03
2,6431,False
3,6431,2802
4,6431,2688
5,6431,66
1,6432,5.03
2,6432,False
3,6432,3021
4,6432,1039
5,6432,69
1,6433,1.97
2,6433,False
3,6433,580
4,6433,2688
5,6433,66
1,6434,4.03
2,6434,False
3,6434,580
4,6434,1558
5,6434,67
1,6435,7.03
2,6435,True
3,6435,162
4,6435,1039
5,6435,67
1,6436,0.03
2,6436,True
3,6436,1003
4,6436,2688
5,6436,71
1,6437,13.03
2,6437,False
3,6437,3334
4,6437,2688
5,6437,70
1,6438,9.97
2,6438,True
3,6438,3440
4,6438,2688
5,6438,63
1,6439,10.03
2,6439,False
3,6439,1003
4,6439,2688
5,6439,72
1,6440,7.03
2,6440,True
3,6440,162
4,6440,1558
5,6440,73
1,6441,0.03
2,6441,True
3,6441,580
4,6441,2688
5,6441,65
1,6442,2.03
2,6442,False
3,6442,1863
4,6442,2688
5,6442,63
1,6443,4.03
2,6443,True
3,6443,4101
4,6443,1039
5,6443,64
1,6444,6.97
2,6444,False
3,6444,2368
4,6444,2688
5,6444,61
1,6445,1.97
2,6445,False
3,6445,1651
4,6445,1039
5,6445,67
1,6446,0.03
2,6446,False
3,6446,2166
4,6446,2688
5,6446,65
1,6447,4.97
2,6447,False
3,6447,2265
4,6447,1558
5,6447,62
1,6448,5.97
2,6448,False
3,6448,2583
4,6448,1558
5,6448,67
1,6449,0.03
2,6449,False
3,6449,3231
4,6449,1558
5,6449,62
1,6450,0.97
2,6450,False
3,6450,2583
4,6450,1039
5,6450,67
1,6451,2.03
2,6451,True
3,6451,3127
4,6451,1558
5,6451,63
1,6452,1.03
2,6452,True
3,6452,1003
4,6452,2688
5,6452,66
1,6453,4.97
2,6453,True
3,6453,4914
4,6453,2688
5,6453,64
1,6454,4.03
2,6454,False
3,6454,4404
4,6454,1558
5,6454,63
1,6455,1.97
2,6455,True
3,6455,1973
4,6455,1558
5,6455,66
1,6456,0.97
2,6456,False
3,6456,478
4,6456,2688
5,6456,65
1,6457,14.97
2,6457,False
3,6457,5138
4,6457,2688
5,6457,65
1,6458,9.97
2,6458,False
3,6458,3021
4,6458,1039
5,6458,66
1,6459,2.03
2,6459,False
3,6459,3670
4,6459,2688
5,6459,66
1,6460,3.03
2,6460,False
3,6460,4290
4,6460,2688
5,6460,71
1,6461,3.97
2,6461,True
3,6461,3780
4,6461,2688
5,6461,64
1,6462,7.03
2,6462,False
3,6462,4501
4,6462,2688
5,6462,66
1,6463,10.03
2,6463,True
3,6463,1323
4,6463,1558
5,6463,71
1,6464,2.03
2,6464,False
3,6464,1003
4,6464,2688
5,6464,66
1,6465,11.03
2,6465,True
3,6465,2166
4,6465,2688
5,6465,74
1,6466,1.03
2,6466,False
3,6466,4101
4,6466,2688
5,6466,69
1,6467,1.03
2,6467,False
3,6467,2368
4,6467,1039
5,6467,68
1,6468,0.03
2,6468,True
3,6468,2067
4,6468,1558
5,6468,67
1,6469,0.97
2,6469,True
3,6469,2368
4,6469,1558
5,6469,70
1,6470,2.97
2,6470,False
3,6470,2918
4,6470,1039
5,6470,68
1,6471,1.03
2,6471,True
3,6471,3670
4,6471,1039
5,6471,72
1,6472,4.97
2,6472,False
3,6472,1207
4,6472,1039
5,6472,66
1,6473,1.03
2,6473,False
3,6473,2368
4,6473,2688
5,6473,69
1,6474,0.97
2,6474,True
3,6474,478
4,6474,2688
5,6474,69
1,6475,3.03
2,6475,False
3,6475,267
4,6475,2688
5,6475,64
1,6476,3.03
2,6476,False
3,6476,4501
4,6476,1558
5,6476,63
1,6477,2.03
2,6477,False
3,6477,5028
4,6477,1039
5,6477,64
1,6478,4.03
2,6478,False
3,6478,1651
4,6478,1039
5,6478,72
1,6479,0.97
2,6479,False
3,6479,3127
4,6479,2688
5,6479,66
1,6480,4.03
2,6480,False
3,6480,4101
4,6480,1558
5,6480,69
1,6481,10.03
2,6481,False
3,6481,4199
4,6481,1558
5,6481,65
1,6482,3.03
2,6482,False
3,6482,708
4,6482,2688
5,6482,65
1,6483,4.03
2,6483,False
3,6483,2368
4,6483,2688
5,6483,64
1,6484,4.03
2,6484,False
3,6484,580
4,6484,2688
5,6484,69
1,6485,1.03
2,6485,False
3,6485,4404
4,6485,1558
5,6485,69
1,6486,4.03
2,6486,False
3,6486,3893
4,6486,2688
5,6486,67
1,6487,1.03
2,6487,False
3,6487,4290
4,6487,2688
5,6487,67
1,6488,0.03
2,6488,False
3,6488,1651
4,6488,2688
5,6488,70
1,6489,1.03
2,6489,True
3,6489,1096
4,6489,1039
5,6489,70
1,6490,3.97
2,6490,True
3,6490,3670
4,6490,1558
5,6490,64
1,6491,0.97
2,6491,False
3,6491,1973
4,6491,2688
5,6491,70
1,6492,4.97
2,6492,False
3,6492,2802
4,6492,2688
5,6492,66
1,6493,2.97
2,6493,True
3,6493,580
4,6493,2688
5,6493,68
1,6494,5.03
2,6494,False
3,6494,5138
4,6494,2688
5,6494,66
1,6495,8.97
2,6495,False
3,6495,2473
4,6495,2688
5,6495,64
1,6496,6.97
2,6496,False
3,6496,1424
4,6496,2688
5,6496,62
1,6497,6.97
2,6497,True
3,6497,478
4,6497,1558
5,6497,67
1,6498,0.03
2,6498,False
3,6498,3440
4,6498,2688
5,6498,64
1,6499,4.97
2,6499,False
3,6499,3670
4,6499,1039
5,6499,62
1,6500,2.03
2,6500,True
3,6500,3334
4,6500,2688
5,6500,71
1,6501,3.03
2,6501,False
3,6501,1536
4,6501,2688
5,6501,71
1,6502,8.03
2,6502,False
3,6502,3546
4,6502,1039
5,6502,66
1,6503,4.97
2,6503,False
3,6503,2265
4,6503,2688
5,6503,65
1,6504,0.03
2,6504,True
3,6504,3780
4,6504,1039
5,6504,69
1,6505,8.03
2,6505,False
3,6505,4601
4,6505,2688
5,6505,68
1,6506,1.97
2,6506,True
3,6506,3546
4,6506,2688
5,6506,70
1,6507,2.03
2,6507,False
3,6507,5233
4,6507,2688
5,6507,63
1,6508,6.03
2,6508,True
3,6508,1003
4,6508,2688
5,6508,67
1,6509,0.97
2,6509,False
3,6509,1096
4,6509,1558
5,6509,70
1,6510,2.03
2,6510,False
3,6510,1424
4,6510,1558
5,6510,65
1,6511,0.03
2,6511,True
3,6511,3127
4,6511,2688
5,6511,70
1,6512,3.97
2,6512,True
3,6512,4199
4,6512,2688
5,6512,64
1,6513,4.03
2,6513,False
3,6513,1973
4,6513,1558
5,6513,67
1,6514,7.03
2,6514,False
3,6514,3334
4,6514,2688
5,6514,70
1,6515,6.03
2,6515,False
3,6515,1973
4,6515,1039
5,6515,70
1,6516,0.97
2,6516,False
3,6516,3780
4,6516,1039
5,6516,68
1,6517,1.03
2,6517,False
3,6517,2368
4,6517,2688
5,6517,66
1,6518,2.03
2,6518,True
3,6518,4290
4,6518,1558
5,6518,67
1,6519,3.03
2,6519,True
3,6519,4290
4,6519,2688
5,6519,69
1,6520,4.03
2,6520,False
3,6520,902
4,6520,1039
5,6520,66
1,6521,2.03
2,6521,False
3,6521,3231
4,6521,1558
5,6521,65
1,6522,4.97
2,6522,False
3,6522,3893
4,6522,1039
5,6522,61
1,6523,1.97
2,6523,False
3,6523,1651
4,6523,1558
5,6523,72
1,6524,1.03
2,6524,False
3,6524,4809
4,6524,1558
5,6524,63
1,6525,4.03
2,6525,False
3,6525,5233
4,6525,1039
5,6525,71
1,6526,2.97
2,6526,False
3,6526,5028
4,6526,1039
5,6526,64
1,6527,0.97
2,6527,False
3,6527,1096
4,6527,1039
5,6527,67
1,6528,3.03
2,6528,False
3,6528,1003
4,6528,2688
5,6528,68
1,6529,0.03
2,6529,True
3,6529,902
4,6529,1039
5,6529,63
1,6530,0.03
2,6530,False
3,6530,4290
4,6530,2688
5,6530,66
1,6531,5.97
2,6531,True
3,6531,810
4,6531,1558
5,6531,63
1,6532,6.97
2,6532,False
3,6532,4914
4,6532,2688
5,6532,66
1,6533,0.97
2,6533,False
3,6533,5233
4,6533,2688
5,6533,68
1,6534,0.97
2,6534,False
3,6534,478
4,6534,1039
5,6534,68
1,6535,1.03
2,6535,True
3,6535,4914
4,6535,1039
5,6535,69
1,6536,2.97
2,6536,True
3,6536,2368
4,6536,2688
5,6536,67
1,6537,10.97
2,6537,False
3,6537,2166
4,6537,2688
5,6537,66
1,6538,4.97
2,6538,False
3,6538,3546
4,6538,1558
5,6538,67
1,6539,5.03
2,6539,False
3,6539,2166
4,6539,2688
5,6539,69
1,6540,1.97
2,6540,False
3,6540,1424
4,6540,2688
5,6540,68
1,6541,1.97
2,6541,False
3,6541,5138
4,6541,1558
5,6541,65
1,6542,1.97
2,6542,False
3,6542,2265
4,6542,2688
5,6542,65
1,6543,5.03
2,6543,True
3,6543,3231
4,6543,2688
5,6543,65
1,6544,0.97
2,6544,False
3,6544,4404
4,6544,2688
5,6544,67
1,6545,0.03
2,6545,True
3,6545,2918
4,6545,2688
5,6545,70
1,6546,0.97
2,6546,True
3,6546,1003
4,6546,1039
5,6546,71
1,6547,17.97
2,6547,True
3,6547,3893
4,6547,2688
5,6547,66
1,6548,0.97
2,6548,True
3,6548,55
4,6548,2688
5,6548,69
1,6549,7.97
2,6549,True
3,6549,3127
4,6549,1558
5,6549,62
1,6550,3.97
2,6550,True
3,6550,2918
4,6550,1039
5,6550,66
1,6551,9.03
2,6551,False
3,6551,5138
4,6551,1558
5,6551,66
1,6552,5.03
2,6552,False
3,6552,4809
4,6552,1039
5,6552,70
1,6553,14.03
2,6553,True
3,6553,580
4,6553,2688
5,6553,72
1,6554,5.97
2,6554,True
3,6554,478
4,6554,1558
5,6554,61
1,6555,8.97
2,6555,False
3,6555,4290
4,6555,1558
5,6555,67
1,6556,0.97
2,6556,True
3,6556,4809
4,6556,2688
5,6556,63
1,6557,4.03
2,6557,False
3,6557,2368
4,6557,1558
5,6557,68
1,6558,0.03
2,6558,False
3,6558,1096
4,6558,1039
5,6558,67
1,6559,5.03
2,6559,False
3,6559,2918
4,6559,2688
5,6559,66
1,6560,3.03
2,6560,True
3,6560,3780
4,6560,1558
5,6560,69
1,6561,2.97
2,6561,False
3,6561,3231
4,6561,1558
5,6561,69
1,6562,3.97
2,6562,False
3,6562,1003
4,6562,1039
5,6562,62
1,6563,7.03
2,6563,True
3,6563,5028
4,6563,2688
5,6563,68
1,6564,0.97
2,6564,False
3,6564,1756
4,6564,1039
5,6564,66
1,6565,7.97
2,6565,True
3,6565,2689
4,6565,1039
5,6565,61
1,6566,0.97
2,6566,True
3,6566,4501
4,6566,1558
5,6566,67
1,6567,3.03
2,6567,True
3,6567,708
4,6567,1039
5,6567,72
1,6568,0.03
2,6568,False
3,6568,2067
4,6568,2688
5,6568,70
1,6569,0.03
2,6569,True
3,6569,5233
4,6569,1558
5,6569,69
1,6570,0.03
2,6570,True
3,6570,4809
4,6570,2688
5,6570,67
1,6571,8.03
2,6571,False
3,6571,4601
4,6571,1039
5,6571,67
1,6572,7.97
2,6572,False
3,6572,3334
4,6572,2688
5,6572,65
1,6573,0.97
2,6573,True
3,6573,3670
4,6573,2688
5,6573,65
1,6574,2.03
2,6574,False
3,6574,4199
4,6574,2688
5,6574,66
1,6575,4.97
2,6575,False
3,6575,4601
4,6575,2688
5,6575,62
1,6576,8.97
2,6576,False
3,6576,902
4,6576,1558
5,6576,65
1,6577,2.03
2,6577,False
3,6577,2473
4,6577,1039
5,6577,66
1,6578,4.97
2,6578,False
3,6578,4601
4,6578,2688
5,6578,65
1,6579,1.97
2,6579,False
3,6579,3231
4,6579,1039
5,6579,67
1,6580,7.03
2,6580,True
3,6580,3999
4,6580,1558
5,6580,66
1,6581,2.97
2,6581,False
3,6581,3021
4,6581,1039
5,6581,69
1,6582,3.97
2,6582,False
3,6582,360
4,6582,2688
5,6582,65
1,6583,3.03
2,6583,True
3,6583,580
4,6583,1558
5,6583,69
1,6584,2.03
2,6584,False
3,6584,3021
4,6584,2688
5,6584,68
1,6585,5.97
2,6585,False
3,6585,5138
4,6585,1039
5,6585,65
1,6586,1.97
2,6586,False
3,6586,1003
4,6586,1558
5,6586,68
1,6587,7.97
2,6587,True
3,6587,4101
4,6587,1558
5,6587,64
1,6588,10.97
2,6588,False
3,6588,4290
4,6588,1039
5,6588,65
1,6589,1.03
2,6589,True
3,6589,5233
4,6589,1558
5,6589,62
1,6590,4.03
2,6590,True
3,6590,5233
4,6590,1039
5,6590,69
1,6591,6.97
2,6591,False
3,6591,162
4,6591,2688
5,6591,63
1,6592,4.03
2,6592,False
3,6592,3231
4,6592,1558
5,6592,64
1,6593,5.03
2,6593,True
3,6593,2802
4,6593,2688
5,6593,70
1,6594,1.97
2,6594,True
3,6594,1536
4,6594,1039
5,6594,68
1,6595,7.97
2,6595,False
3,6595,3546
4,6595,1558
5,6595,61
1,6596,9.03
2,6596,False
3,6596,478
4,6596,1558
5,6596,68
1,6597,6.97
2,6597,True
3,6597,3893
4,6597,1558
5,6597,63
1,6598,0.03
2,6598,True
3,6598,902
4,6598,1039
5,6598,65
1,6599,2.03
2,6599,False
3,6599,4199
4,6599,2688
5,6599,67
1,6600,3.97
2,6600,False
3,6600,2802
4,6600,2688
5,6600,66
1,6601,7.03
2,6601,False
3,6601,2067
4,6601,2688
5,6601,70
1,6602,1.97
2,6602,True
3,6602,4601
4,6602,1558
5,6602,67
1,6603,0.03
2,6603,False
3,6603,1651
4,6603,2688
5,6603,67
1,6604,7.03
2,6604,False
3,6604,902
4,6604,2688
5,6604,72
1,6605,3.03
2,6605,True
3,6605,4199
4,6605,1039
5,6605,65
1,6606,1.03
2,6606,True
3,6606,5285
4,6606,1558
5,6606,64
1,6607,3.03
2,6607,True
3,6607,478
4,6607,2688
5,6607,71
