ID,Subtask 1,Subtask 2,Subtask 3,Subtask 4,Subtask 5
0x1c2a8,0,0,0,0,0
0x20a90,0,0,0,0,0
0x1e9a4,0,0,0,0,0
0x1a22,0,0,0,0,0
0x218ce,0,0,0,0,0
0x1d412,0,0,0,0,0
0x16ba6,0,0,0,0,0
0x21c98,0,0,0,0,0
0x18e4b,0,0,0,0,0
0x1e23f,0,0,0,0,0
0x103c2,0,0,0,0,0
0x1a42d,0,0,0,0,0
0x1012f,0,0,0,0,0
0xa548,0,0,0,0,0
0x25cb1,0,0,0,0,0
0x184c8,0,0,0,0,0
0x13364,0,0,0,0,0
0x23491,0,0,0,0,0
0xff4e,0,0,0,0,0
0x785b,0,0,0,0,0
0x25308,0,0,0,0,0
0x25d04,0,0,0,0,0
0xf87c,0,0,0,0,0
0x1381f,0,0,0,0,0
0xd514,0,0,0,0,0
0xbd38,0,0,0,0,0
0x15fcc,0,0,0,0,0
0x1d63a,0,0,0,0,0
0x131f5,0,0,0,0,0
0x12766,0,0,0,0,0
0x18c7,0,0,0,0,0
0xa332,0,0,0,0,0
0x21b35,0,0,0,0,0
0x9dbc,0,0,0,0,0
0x1ee6a,0,0,0,0,0
0xb9d0,0,0,0,0,0
0x1c3b8,0,0,0,0,0
0xa65b,0,0,0,0,0
0x189bc,0,0,0,0,0
0x1dc2e,0,0,0,0,0
0x13bea,0,0,0,0,0
0x113ad,0,0,0,0,0
0x1ef7e,0,0,0,0,0
0x1f224,0,0,0,0,0
0xdec7,0,0,0,0,0
0xecfb,0,0,0,0,0
0xaac2,0,0,0,0,0
0x21ddd,0,0,0,0,0
0x1f9af,0,0,0,0,0
0x15980,0,0,0,0,0
0x852d,0,0,0,0,0
0x1abd5,0,0,0,0,0
0x16a46,0,0,0,0,0
0x191e3,0,0,0,0,0
0x16f4b,0,0,0,0,0
0x1ff2b,0,0,0,0,0
0xcbb5,0,0,0,0,0
0x255c1,0,0,0,0,0
0x139f7,0,0,0,0,0
0x179d7,0,0,0,0,0
0xbfc3,0,0,0,0,0
0x17538,0,0,0,0,0
0x22e5a,0,0,0,0,0
0x123fd,0,0,0,0,0
0x4032,0,0,0,0,0
0x1ae04,0,0,0,0,0
0x11640,0,0,0,0,0
0x816b,0,0,0,0,0
0x1314d,0,0,0,0,0
0x25013,0,0,0,0,0
0x1d7be,0,0,0,0,0
0x1e397,0,0,0,0,0
0x24f5e,0,0,0,0,0
0x12740,0,0,0,0,0
0x23d5f,0,0,0,0,0
0x232c3,0,0,0,0,0
0xf3bb,0,0,0,0,0
0x543d,0,0,0,0,0
0x21bd0,0,0,0,0,0
0xdb08,0,0,0,0,0
0x195bf,0,0,0,0,0
0x8747,0,0,0,0,0
0x21fa4,0,0,0,0,0
0x25dd7,0,0,0,0,0
0xc7e8,0,0,0,0,0
0x224f4,0,0,0,0,0
0x1a63a,0,0,0,0,0
0x1c761,0,0,0,0,0
0x2e4a,0,0,0,0,0
0x1f598,0,0,0,0,0
0x7fa3,0,0,0,0,0
0x22d71,0,0,0,0,0
0x1f042,0,0,0,0,0
0xaa71,0,0,0,0,0
0x13a35,0,0,0,0,0
0x12f83,0,0,0,0,0
0x1e03d,0,0,0,0,0
0x5a2b,0,0,0,0,0
0x1326d,0,0,0,0,0
0x19e2d,0,0,0,0,0
0xa898,0,0,0,0,0
0x10400,0,0,0,0,0
0x252df,0,0,0,0,0
0x1b3f7,0,0,0,0,0
0x21cfb,0,0,0,0,0
0x14e96,0,0,0,0,0
0xedcc,0,0,0,0,0
0x2e21,0,0,0,0,0
0x13782,0,0,0,0,0
0x1fba7,0,0,0,0,0
0x23b5d,0,0,0,0,0
0x1dc4a,0,0,0,0,0
0x6045,0,0,0,0,0
0x14986,0,0,0,0,0
0x1eeb9,0,0,0,0,0
0x8a12,0,0,0,0,0
0xc7df,0,0,0,0,0
0x12271,0,0,0,0,0
0x167be,0,0,0,0,0
0x1a2dd,0,0,0,0,0
0x1d31d,0,0,0,0,0
0x187a1,0,0,0,0,0
0x16ba7,0,0,0,0,0
0x1c4d9,0,0,0,0,0
0x1ae62,0,0,0,0,0
0x1c8e5,0,0,0,0,0
0x79af,0,0,0,0,0
0x154d0,0,0,0,0,0
0x14076,0,0,0,0,0
0x6d33,0,0,0,0,0
0x111f1,0,0,0,0,0
0x20571,0,0,0,0,0
0xd897,0,0,0,0,0
0x1f68,0,0,0,0,0
0x3853,0,0,0,0,0
0x2600,0,0,0,0,0
0xf77f,0,0,0,0,0
0x2495b,0,0,0,0,0
0xc44e,0,0,0,0,0
0x1118d,0,0,0,0,0
0x320b,0,0,0,0,0
0x8fcb,0,0,0,0,0
0x20f3,0,0,0,0,0
0xa279,0,0,0,0,0
0x250c5,0,0,0,0,0
0xcc50,0,0,0,0,0
0x24e54,0,0,0,0,0
0xd00e,0,0,0,0,0
0x1a690,0,0,0,0,0
0x1fa7c,0,0,0,0,0
0x9075,0,0,0,0,0
0xd0c3,0,0,0,0,0
0x1395a,0,0,0,0,0
0x19a48,0,0,0,0,0
0x1e0c6,0,0,0,0,0
0x1c5ed,0,0,0,0,0
0x20f1b,0,0,0,0,0
0x25310,0,0,0,0,0
0x24fd5,0,0,0,0,0
0xd6ac,0,0,0,0,0
0x14a12,0,0,0,0,0
0x1b0a3,0,0,0,0,0
0x8f79,0,0,0,0,0
0xc374,0,0,0,0,0
0x13a6f,0,0,0,0,0
0x47a7,0,0,0,0,0
0x24847,0,0,0,0,0
0x1be62,0,0,0,0,0
0xbd47,0,0,0,0,0
0x19a9a,0,0,0,0,0
0x446a,0,0,0,0,0
0x18af5,0,0,0,0,0
0x18c85,0,0,0,0,0
0x1406a,0,0,0,0,0
0x1a3db,0,0,0,0,0
0x1f0f2,0,0,0,0,0
0x1944b,0,0,0,0,0
0xca40,0,0,0,0,0
0x1fd3,0,0,0,0,0
0x71da,0,0,0,0,0
0x176e6,0,0,0,0,0
0x19ce7,0,0,0,0,0
0x113ac,0,0,0,0,0
0x19e51,0,0,0,0,0
0x1d356,0,0,0,0,0
0x197dd,0,0,0,0,0
0x11f3e,0,0,0,0,0
0x10cec,0,0,0,0,0
0x20b07,0,0,0,0,0
0xf829,0,0,0,0,0
0x12d41,0,0,0,0,0
0x571e,0,0,0,0,0
0x1410d,0,0,0,0,0
0x1c723,0,0,0,0,0
0x125b7,0,0,0,0,0
0x20029,0,0,0,0,0
0x184ad,0,0,0,0,0
0xff13,0,0,0,0,0
0x6944,0,0,0,0,0
0x11840,0,0,0,0,0
0x50ac,0,0,0,0,0
0x5e9e,0,0,0,0,0
0x12b7d,0,0,0,0,0
0x116d7,0,0,0,0,0
0x1c945,0,0,0,0,0
0x1718a,0,0,0,0,0
0xbd4f,0,0,0,0,0
0x9fcc,0,0,0,0,0
0x7792,0,0,0,0,0
0x242f4,0,0,0,0,0
0xaef1,0,0,0,0,0
0x12114,0,0,0,0,0
0x5b7a,0,0,0,0,0
0x86f3,0,0,0,0,0
0x1eb35,0,0,0,0,0
0x1e78c,0,0,0,0,0
0x25b20,0,0,0,0,0
0x3984,0,0,0,0,0
0x13f20,0,0,0,0,0
0x1bfbc,0,0,0,0,0
0x2379b,0,0,0,0,0
0x22e82,0,0,0,0,0
0x2036e,0,0,0,0,0
0x1b982,0,0,0,0,0
0x1ce8f,0,0,0,0,0
0x3afe,0,0,0,0,0
0x2544c,0,0,0,0,0
0xd88c,0,0,0,0,0
0x248a1,0,0,0,0,0
0x4907,0,0,0,0,0
0x1755c,0,0,0,0,0
0xd1b9,0,0,0,0,0
0x1eadd,0,0,0,0,0
0x907e,0,0,0,0,0
0x209cc,0,0,0,0,0
0x9768,0,0,0,0,0
0x16c28,0,0,0,0,0
0xdba3,0,0,0,0,0
0x6b79,0,0,0,0,0
0x13995,0,0,0,0,0
0x165cc,0,0,0,0,0
0x2e04,0,0,0,0,0
0x2028,0,0,0,0,0
0x83f1,0,0,0,0,0
0x24bb8,0,0,0,0,0
0x12ba7,0,0,0,0,0
0x8305,0,0,0,0,0
0x5bf8,0,0,0,0,0
0x1b1d3,0,0,0,0,0
0xbb50,0,0,0,0,0
0x20d66,0,0,0,0,0
0x296b,0,0,0,0,0
0x15168,0,0,0,0,0
0x1d212,0,0,0,0,0
0xb48a,0,0,0,0,0
0x14e64,0,0,0,0,0
0x1c192,0,0,0,0,0
0x15c69,0,0,0,0,0
0x1d977,0,0,0,0,0
0x1e66b,0,0,0,0,0
0x130c3,0,0,0,0,0
0x119ac,0,0,0,0,0
0x11f89,0,0,0,0,0
0xc653,0,0,0,0,0
0x17856,0,0,0,0,0
0xba37,0,0,0,0,0
0x17713,0,0,0,0,0
0x21f48,0,0,0,0,0
0x10971,0,0,0,0,0
0x14ec6,0,0,0,0,0
0x159ef,0,0,0,0,0
0x12920,0,0,0,0,0
0xff45,0,0,0,0,0
0x10c57,0,0,0,0,0
0x80da,0,0,0,0,0
0x4df3,0,0,0,0,0
0x10c71,0,0,0,0,0
0xa633,0,0,0,0,0
0x1aa48,0,0,0,0,0
0x217d1,0,0,0,0,0
0x20fb6,0,0,0,0,0
0x25230,0,0,0,0,0
0x26fd,0,0,0,0,0
0xe52a,0,0,0,0,0
0xae76,0,0,0,0,0
0x7f7d,0,0,0,0,0
0x259d0,0,0,0,0,0
0xf32f,0,0,0,0,0
0x141b2,0,0,0,0,0
0x23e71,0,0,0,0,0
0xc8c1,0,0,0,0,0
0x9fcb,0,0,0,0,0
0x7a6a,0,0,0,0,0
0xae20,0,0,0,0,0
0x2abc,0,0,0,0,0
0x1f3d5,0,0,0,0,0
0x417d,0,0,0,0,0
0x24cef,0,0,0,0,0
0x24584,0,0,0,0,0
0x1023d,0,0,0,0,0
0x39cb,0,0,0,0,0
0x1b9bc,0,0,0,0,0
0x1e5fc,0,0,0,0,0
0x83a9,0,0,0,0,0
0x3594,0,0,0,0,0
0x23ba1,0,0,0,0,0
0x10129,0,0,0,0,0
0x25c12,0,0,0,0,0
0x1ba38,0,0,0,0,0
0x1fa62,0,0,0,0,0
0x18921,0,0,0,0,0
0x57ba,0,0,0,0,0
0x24a56,0,0,0,0,0
0x167db,0,0,0,0,0
0x2d42,0,0,0,0,0
0x84f8,0,0,0,0,0
0x19f7d,0,0,0,0,0
0xfc01,0,0,0,0,0
0x1ccf8,0,0,0,0,0
0x40e1,0,0,0,0,0
0x2195e,0,0,0,0,0
0x1a869,0,0,0,0,0
0xb43c,0,0,0,0,0
0x12a5b,0,0,0,0,0
0xcda5,0,0,0,0,0
0xc894,0,0,0,0,0
0x4d9e,0,0,0,0,0
0x23f3d,0,0,0,0,0
0x195e2,0,0,0,0,0
0x1771f,0,0,0,0,0
0x209c3,0,0,0,0,0
0x2580d,0,0,0,0,0
0x2516c,0,0,0,0,0
0x1f49e,0,0,0,0,0
0x1edf2,0,0,0,0,0
0x17982,0,0,0,0,0
0x8a5f,0,0,0,0,0
0x1bf6,0,0,0,0,0
0x14929,0,0,0,0,0
0xd78f,0,0,0,0,0
0xdc96,0,0,0,0,0
0x1c33,0,0,0,0,0
0x39fb,0,0,0,0,0
0x30c9,0,0,0,0,0
0x1971b,0,0,0,0,0
0xcb1a,0,0,0,0,0
0xa74b,0,0,0,0,0
0x1dcdd,0,0,0,0,0
0x26a9,0,0,0,0,0
0x15a62,0,0,0,0,0
0x1a12e,0,0,0,0,0
0x2496a,0,0,0,0,0
0x1e89a,0,0,0,0,0
0x52dc,0,0,0,0,0
0xeb41,0,0,0,0,0
0x17889,0,0,0,0,0
0x1961f,0,0,0,0,0
0x1a89e,0,0,0,0,0
0x1bc1e,0,0,0,0,0
0xfc0b,0,0,0,0,0
0x192d2,0,0,0,0,0
0x20929,0,0,0,0,0
0x217e8,0,0,0,0,0
0x259dc,0,0,0,0,0
0xc616,0,0,0,0,0
0x283e,0,0,0,0,0
0x5378,0,0,0,0,0
0x5ca8,0,0,0,0,0
0x16bdf,0,0,0,0,0
0xcd2b,0,0,0,0,0
0x21679,0,0,0,0,0
0x20c65,0,0,0,0,0
0x22425,0,0,0,0,0
0x25b08,0,0,0,0,0
0x1c735,0,0,0,0,0
0x7152,0,0,0,0,0
0x7230,0,0,0,0,0
0x16ff,0,0,0,0,0
0x1302a,0,0,0,0,0
0x232af,0,0,0,0,0
0x1cdd7,0,0,0,0,0
0x1ea8,0,0,0,0,0
0x1c209,0,0,0,0,0
0xa839,0,0,0,0,0
0x1e1ac,0,0,0,0,0
0x2258f,0,0,0,0,0
0xc5d8,0,0,0,0,0
0x1f23d,0,0,0,0,0
0x1c517,0,0,0,0,0
0x4336,0,0,0,0,0
0x1a476,0,0,0,0,0
0x15af4,0,0,0,0,0
0x136ed,0,0,0,0,0
0x96e4,0,0,0,0,0
0x63f9,0,0,0,0,0
0x1f7e3,0,0,0,0,0
0x1368a,0,0,0,0,0
0x209e6,0,0,0,0,0
0x16550,0,0,0,0,0
0x1abe1,0,0,0,0,0
0x1d468,0,0,0,0,0
0x52af,0,0,0,0,0
0xa575,0,0,0,0,0
0x214ec,0,0,0,0,0
0x14528,0,0,0,0,0
0xf7d1,0,0,0,0,0
0x230a9,0,0,0,0,0
0xbea0,0,0,0,0,0
0x2f0c,0,0,0,0,0
0x1e308,0,0,0,0,0
0xd04d,0,0,0,0,0
0x14f47,0,0,0,0,0
0x251e9,0,0,0,0,0
0x226da,0,0,0,0,0
0x4fc4,0,0,0,0,0
0x25e49,0,0,0,0,0
0xaa19,0,0,0,0,0
0xb09b,0,0,0,0,0
0x1f14c,0,0,0,0,0
0x7f34,0,0,0,0,0
0x2070c,0,0,0,0,0
0x8e86,0,0,0,0,0
0x1302b,0,0,0,0,0
0x20f01,0,0,0,0,0
0x1cff4,0,0,0,0,0
0x884f,0,0,0,0,0
0x154f4,0,0,0,0,0
0x19cc3,0,0,0,0,0
0x23114,0,0,0,0,0
0x638f,0,0,0,0,0
0x12381,0,0,0,0,0
0x1fd70,0,0,0,0,0
0x1cb13,0,0,0,0,0
0xe3ab,0,0,0,0,0
0x1b943,0,0,0,0,0
0x24112,0,0,0,0,0
0x1b3f6,0,0,0,0,0
0x17c1d,0,0,0,0,0
0x11c9c,0,0,0,0,0
0x1127a,0,0,0,0,0
0x1e6e4,0,0,0,0,0
0xf488,0,0,0,0,0
0x4632,0,0,0,0,0
0x2ccc,0,0,0,0,0
0x11468,0,0,0,0,0
0x11f6f,0,0,0,0,0
0x197a1,0,0,0,0,0
0x1b3a2,0,0,0,0,0
0x1e6d5,0,0,0,0,0
0x1bdd1,0,0,0,0,0
0xfac4,0,0,0,0,0
0x150fc,0,0,0,0,0
0x44c1,0,0,0,0,0
0x22176,0,0,0,0,0
0x2418b,0,0,0,0,0
0xab2f,0,0,0,0,0
0x61f4,0,0,0,0,0
0x1dfb5,0,0,0,0,0
0x2020f,0,0,0,0,0
0x1ec72,0,0,0,0,0
0x7d30,0,0,0,0,0
0xb6b7,0,0,0,0,0
0x1fcab,0,0,0,0,0
0x14952,0,0,0,0,0
0x1f1fc,0,0,0,0,0
0xd6e9,0,0,0,0,0
0x10178,0,0,0,0,0
0x10b0c,0,0,0,0,0
0x54a3,0,0,0,0,0
0x20b38,0,0,0,0,0
0xc2ab,0,0,0,0,0
0x15636,0,0,0,0,0
0x10830,0,0,0,0,0
0x725d,0,0,0,0,0
0x3e40,0,0,0,0,0
0x12d33,0,0,0,0,0
0x1fb52,0,0,0,0,0
0x1a4be,0,0,0,0,0
0x21510,0,0,0,0,0
0x1f089,0,0,0,0,0
0xf804,0,0,0,0,0
0x1ef5c,0,0,0,0,0
0x1f037,0,0,0,0,0
0x22c89,0,0,0,0,0
0x105a9,0,0,0,0,0
0xe604,0,0,0,0,0
0x1551d,0,0,0,0,0
0x10eca,0,0,0,0,0
0x1add2,0,0,0,0,0
0xbe8a,0,0,0,0,0
0x17fe7,0,0,0,0,0
0x7c39,0,0,0,0,0
0x14078,0,0,0,0,0
0x111b0,0,0,0,0,0
0x1f4d7,0,0,0,0,0
0x753b,0,0,0,0,0
0x1d483,0,0,0,0,0
0xa16a,0,0,0,0,0
0x3217,0,0,0,0,0
0x1103f,0,0,0,0,0
0xdada,0,0,0,0,0
0x2527e,0,0,0,0,0
0x25d0b,0,0,0,0,0
0x13086,0,0,0,0,0
0x1ef22,0,0,0,0,0
0x8ca6,0,0,0,0,0
0x72a2,0,0,0,0,0
0x3532,0,0,0,0,0
0x4248,0,0,0,0,0
0xa062,0,0,0,0,0
0x240ec,0,0,0,0,0
0x2487b,0,0,0,0,0
0x33d7,0,0,0,0,0
0x18737,0,0,0,0,0
0x8a6b,0,0,0,0,0
0x13e72,0,0,0,0,0
0x14084,0,0,0,0,0
0x11e68,0,0,0,0,0
0x1bb40,0,0,0,0,0
0xd179,0,0,0,0,0
0xb903,0,0,0,0,0
0x1928,0,0,0,0,0
0x437b,0,0,0,0,0
0x1e0a8,0,0,0,0,0
0x18b52,0,0,0,0,0
0x10350,0,0,0,0,0
0xcd35,0,0,0,0,0
0x1ec01,0,0,0,0,0
0x11747,0,0,0,0,0
0x1a244,0,0,0,0,0
0x25081,0,0,0,0,0
0x572e,0,0,0,0,0
0x16159,0,0,0,0,0
0x194e3,0,0,0,0,0
0x10ee5,0,0,0,0,0
0x2210c,0,0,0,0,0
0x21f85,0,0,0,0,0
0x8f04,0,0,0,0,0
0xcc13,0,0,0,0,0
0x5331,0,0,0,0,0
0x14f26,0,0,0,0,0
0x119cf,0,0,0,0,0
0x18741,0,0,0,0,0
0xdad1,0,0,0,0,0
0x1e036,0,0,0,0,0
0x1f704,0,0,0,0,0
0x15e60,0,0,0,0,0
0x152bf,0,0,0,0,0
0x20d06,0,0,0,0,0
0x878f,0,0,0,0,0
0xd394,0,0,0,0,0
0x8f0a,0,0,0,0,0
0x11424,0,0,0,0,0
0xb6fc,0,0,0,0,0
0xe94b,0,0,0,0,0
0x126cc,0,0,0,0,0
0x140ca,0,0,0,0,0
0x4906,0,0,0,0,0
0x18b05,0,0,0,0,0
0x1f6ba,0,0,0,0,0
0xb978,0,0,0,0,0
0x1c3f3,0,0,0,0,0
0x2190d,0,0,0,0,0
0x1c5e4,0,0,0,0,0
0x1506d,0,0,0,0,0
0x1a66b,0,0,0,0,0
0x24b64,0,0,0,0,0
0x24ab8,0,0,0,0,0
0x941c,0,0,0,0,0
0x23da3,0,0,0,0,0
0x16662,0,0,0,0,0
0x20c52,0,0,0,0,0
0x1db51,0,0,0,0,0
0x21e3e,0,0,0,0,0
0x1f8b,0,0,0,0,0
0x1428a,0,0,0,0,0
0x11c77,0,0,0,0,0
0x201cc,0,0,0,0,0
0x19f56,0,0,0,0,0
0x1f6d3,0,0,0,0,0
0x4bf6,0,0,0,0,0
0x2cd8,0,0,0,0,0
0x165d9,0,0,0,0,0
0xddf1,0,0,0,0,0
0x14866,0,0,0,0,0
0x15681,0,0,0,0,0
0x1d45c,0,0,0,0,0
0x119e8,0,0,0,0,0
0x9351,0,0,0,0,0
0x1cc88,0,0,0,0,0
0x17210,0,0,0,0,0
0x20078,0,0,0,0,0
0x21c15,0,0,0,0,0
0x4613,0,0,0,0,0
0x20dd6,0,0,0,0,0
0x196a0,0,0,0,0,0
0x1c5fa,0,0,0,0,0
0x25148,0,0,0,0,0
0x18082,0,0,0,0,0
0x7c1f,0,0,0,0,0
0xab5f,0,0,0,0,0
0x1835a,0,0,0,0,0
0x1fd22,0,0,0,0,0
0x1291f,0,0,0,0,0
0x54fd,0,0,0,0,0
0x6414,0,0,0,0,0
0x1b623,0,0,0,0,0
0x73a5,0,0,0,0,0
0x9180,0,0,0,0,0
0xfaf9,0,0,0,0,0
0x803f,0,0,0,0,0
0xec55,0,0,0,0,0
0x6fd7,0,0,0,0,0
0x4735,0,0,0,0,0
0x7651,0,0,0,0,0
0x144a7,0,0,0,0,0
0x36fc,0,0,0,0,0
0x1664b,0,0,0,0,0
0x1d26,0,0,0,0,0
0xabbb,0,0,0,0,0
0xa2f1,0,0,0,0,0
0xf7d0,0,0,0,0,0
0x19544,0,0,0,0,0
0x1130b,0,0,0,0,0
0x1dea1,0,0,0,0,0
0x1417e,0,0,0,0,0
0x15dad,0,0,0,0,0
0x13d6d,0,0,0,0,0
0x21f82,0,0,0,0,0
0x117fd,0,0,0,0,0
0x2180a,0,0,0,0,0
0x1cb39,0,0,0,0,0
0xa5b1,0,0,0,0,0
0x1f490,0,0,0,0,0
0xdaf2,0,0,0,0,0
0x1e883,0,0,0,0,0
0x1cdd1,0,0,0,0,0
0x217ba,0,0,0,0,0
0x11c52,0,0,0,0,0
0x21bd8,0,0,0,0,0
0xf6be,0,0,0,0,0
0x1bcd3,0,0,0,0,0
0xfb1a,0,0,0,0,0
0xa37e,0,0,0,0,0
0x25519,0,0,0,0,0
0x18eac,0,0,0,0,0
0x1191d,0,0,0,0,0
0x23205,0,0,0,0,0
0x12deb,0,0,0,0,0
0x1acd7,0,0,0,0,0
0x174e3,0,0,0,0,0
0x2e0e,0,0,0,0,0
0x179b6,0,0,0,0,0
0x238ab,0,0,0,0,0
0x76af,0,0,0,0,0
0x10f1f,0,0,0,0,0
0x8479,0,0,0,0,0
0x18168,0,0,0,0,0
0x168ca,0,0,0,0,0
0xebdc,0,0,0,0,0
0xbc3f,0,0,0,0,0
0x17174,0,0,0,0,0
0x9253,0,0,0,0,0
0x9096,0,0,0,0,0
0x21f75,0,0,0,0,0
0x19a46,0,0,0,0,0
0x2360b,0,0,0,0,0
0x2985,0,0,0,0,0
0x5dec,0,0,0,0,0
0x1f24e,0,0,0,0,0
0x12b6a,0,0,0,0,0
0x11325,0,0,0,0,0
0x213bb,0,0,0,0,0
0x9052,0,0,0,0,0
0x212b6,0,0,0,0,0
0x99f0,0,0,0,0,0
0x4252,0,0,0,0,0
0x1e91,0,0,0,0,0
0x3e9d,0,0,0,0,0
0x6e64,0,0,0,0,0
0x1728,0,0,0,0,0
0x12e9f,0,0,0,0,0
0x11d0a,0,0,0,0,0
0x17bda,0,0,0,0,0
0xd393,0,0,0,0,0
0x15616,0,0,0,0,0
0xcdc9,0,0,0,0,0
0xb71e,0,0,0,0,0
0x1235e,0,0,0,0,0
0x123cd,0,0,0,0,0
0x1b308,0,0,0,0,0
0x14e44,0,0,0,0,0
0x19a19,0,0,0,0,0
0x1f8cc,0,0,0,0,0
0x1cd34,0,0,0,0,0
0x1d865,0,0,0,0,0
0x232a3,0,0,0,0,0
0x1c634,0,0,0,0,0
0x8472,0,0,0,0,0
0x180d3,0,0,0,0,0
0x19d7b,0,0,0,0,0
0x9b55,0,0,0,0,0
0x5232,0,0,0,0,0
0x290b,0,0,0,0,0
0x1ddc8,0,0,0,0,0
0x12b94,0,0,0,0,0
0x92f1,0,0,0,0,0
0x10d6f,0,0,0,0,0
0x25e37,0,0,0,0,0
0x247ea,0,0,0,0,0
0xc473,0,0,0,0,0
0x11eb0,0,0,0,0,0
0x1b39d,0,0,0,0,0
0x1f695,0,0,0,0,0
0x1df01,0,0,0,0,0
0xcca4,0,0,0,0,0
0x23e45,0,0,0,0,0
0x1aef6,0,0,0,0,0
0x1a993,0,0,0,0,0
0xd0d3,0,0,0,0,0
0x12916,0,0,0,0,0
0x24f74,0,0,0,0,0
0x4ae2,0,0,0,0,0
0x1f8a,0,0,0,0,0
0xadd0,0,0,0,0,0
0x86d1,0,0,0,0,0
0x101a8,0,0,0,0,0
0xe8c5,0,0,0,0,0
0x24db9,0,0,0,0,0
0x6e0f,0,0,0,0,0
0x168a8,0,0,0,0,0
0x6835,0,0,0,0,0
0x1fe49,0,0,0,0,0
0x19f57,0,0,0,0,0
0x17fcf,0,0,0,0,0
0x14fe3,0,0,0,0,0
0xcd70,0,0,0,0,0
0x1ea11,0,0,0,0,0
0x1fa86,0,0,0,0,0
0x17fb7,0,0,0,0,0
0x1ab7c,0,0,0,0,0
0x16f74,0,0,0,0,0
0xc4f9,0,0,0,0,0
0x1a01b,0,0,0,0,0
0x9660,0,0,0,0,0
0x13062,0,0,0,0,0
0x2fa8,0,0,0,0,0
0x1f246,0,0,0,0,0
0xd5e4,0,0,0,0,0
0x19a64,0,0,0,0,0
0xe616,0,0,0,0,0
0x1ee26,0,0,0,0,0
0x2550a,0,0,0,0,0
0x9ed1,0,0,0,0,0
0x1de2d,0,0,0,0,0
0x1f495,0,0,0,0,0
0x6592,0,0,0,0,0
0x10598,0,0,0,0,0
0x1c16a,0,0,0,0,0
0xd34d,0,0,0,0,0
0xb989,0,0,0,0,0
0x1091d,0,0,0,0,0
0x1f328,0,0,0,0,0
0x1f6f2,0,0,0,0,0
0x253ed,0,0,0,0,0
0x20731,0,0,0,0,0
0x173fc,0,0,0,0,0
0x180d9,0,0,0,0,0
0xdcd2,0,0,0,0,0
0xda0f,0,0,0,0,0
0xb8b7,0,0,0,0,0
0x4154,0,0,0,0,0
0x230db,0,0,0,0,0
0xb1b1,0,0,0,0,0
0x5466,0,0,0,0,0
0x1d774,0,0,0,0,0
0x18361,0,0,0,0,0
0x18bfa,0,0,0,0,0
0x1ecbb,0,0,0,0,0
0xba91,0,0,0,0,0
0x1d695,0,0,0,0,0
0x253a1,0,0,0,0,0
0x8601,0,0,0,0,0
0x16b5c,0,0,0,0,0
0x18da2,0,0,0,0,0
0x1ca18,0,0,0,0,0
0xe537,0,0,0,0,0
0x20a5b,0,0,0,0,0
0x129e3,0,0,0,0,0
0x1eb1d,0,0,0,0,0
0x1346f,0,0,0,0,0
0x7cc3,0,0,0,0,0
0x22ba4,0,0,0,0,0
0x11447,0,0,0,0,0
0x19d2f,0,0,0,0,0
0xdfe1,0,0,0,0,0
0x10a17,0,0,0,0,0
0x1238e,0,0,0,0,0
0x9dd2,0,0,0,0,0
0x4f4d,0,0,0,0,0
0x1a1b5,0,0,0,0,0
0xb9dd,0,0,0,0,0
0x148a3,0,0,0,0,0
0x8eb0,0,0,0,0,0
0x1a778,0,0,0,0,0
0x1380a,0,0,0,0,0
0x1afc5,0,0,0,0,0
0x1d9e5,0,0,0,0,0
0x2391d,0,0,0,0,0
0x1ed43,0,0,0,0,0
0x4f51,0,0,0,0,0
0xc097,0,0,0,0,0
0x5fa0,0,0,0,0,0
0x1d9e6,0,0,0,0,0
0x237f1,0,0,0,0,0
0x98cc,0,0,0,0,0
0xf3c8,0,0,0,0,0
0x176b4,0,0,0,0,0
0x2321b,0,0,0,0,0
0x1097e,0,0,0,0,0
0x15b9c,0,0,0,0,0
0x6128,0,0,0,0,0
0xc3c9,0,0,0,0,0
0x12ba1,0,0,0,0,0
0x60bc,0,0,0,0,0
0xc8d0,0,0,0,0,0
0x1f76a,0,0,0,0,0
0x10fd3,0,0,0,0,0
0x15ddf,0,0,0,0,0
0x162a6,0,0,0,0,0
0x208d4,0,0,0,0,0
0x1a4cd,0,0,0,0,0
0x1169c,0,0,0,0,0
0x23e8a,0,0,0,0,0
0x1d6d,0,0,0,0,0
0xa5c0,0,0,0,0,0
0x29ef,0,0,0,0,0
0x8fca,0,0,0,0,0
0x8971,0,0,0,0,0
0x15e25,0,0,0,0,0
0x14ac1,0,0,0,0,0
0x97d4,0,0,0,0,0
0x179e5,0,0,0,0,0
0x21e9e,0,0,0,0,0
0x112ac,0,0,0,0,0
0x1df00,0,0,0,0,0
0xc350,0,0,0,0,0
0x15aa3,0,0,0,0,0
0x21a0f,0,0,0,0,0
0x7551,0,0,0,0,0
0x2490c,0,0,0,0,0
0x15da0,0,0,0,0,0
0x22aee,0,0,0,0,0
0x19f7b,0,0,0,0,0
0x10b5b,0,0,0,0,0
0x4ad1,0,0,0,0,0
0x1836d,0,0,0,0,0
0x173ff,0,0,0,0,0
0x17481,0,0,0,0,0
0x533d,0,0,0,0,0
0x4b1f,0,0,0,0,0
0xc261,0,0,0,0,0
0xf2ce,0,0,0,0,0
0x1470c,0,0,0,0,0
0x162b1,0,0,0,0,0
0x9228,0,0,0,0,0
0x2d9b,0,0,0,0,0
0xc30a,0,0,0,0,0
0x183d3,0,0,0,0,0
0x7170,0,0,0,0,0
0x14a24,0,0,0,0,0
0x16251,0,0,0,0,0
0x90ba,0,0,0,0,0
0x17d54,0,0,0,0,0
0xc77b,0,0,0,0,0
0x229c7,0,0,0,0,0
0xaad0,0,0,0,0,0
0x83ee,0,0,0,0,0
0x6a32,0,0,0,0,0
0x25572,0,0,0,0,0
0x1c52d,0,0,0,0,0
0xc235,0,0,0,0,0
0x24466,0,0,0,0,0
0x15998,0,0,0,0,0
0x224c,0,0,0,0,0
0x1db7f,0,0,0,0,0
0x1f369,0,0,0,0,0
0x17a7,0,0,0,0,0
0x23bb7,0,0,0,0,0
0x14bd4,0,0,0,0,0
0x19cf5,0,0,0,0,0
0x1579e,0,0,0,0,0
0x1b67e,0,0,0,0,0
0xddb5,0,0,0,0,0
0x127e0,0,0,0,0,0
0x7704,0,0,0,0,0
0x2b39,0,0,0,0,0
0x1f80d,0,0,0,0,0
0xbac0,0,0,0,0,0
0x2342e,0,0,0,0,0
0x1013f,0,0,0,0,0
0x1c1f1,0,0,0,0,0
0x14bd0,0,0,0,0,0
0x27f0,0,0,0,0,0
0x206c4,0,0,0,0,0
0x1b19f,0,0,0,0,0
0x1752,0,0,0,0,0
0x384d,0,0,0,0,0
0x1f64c,0,0,0,0,0
0x21706,0,0,0,0,0
0x2541b,0,0,0,0,0
0x1faca,0,0,0,0,0
0x3b59,0,0,0,0,0
0x1bb64,0,0,0,0,0
0xc788,0,0,0,0,0
0x1d4eb,0,0,0,0,0
0x21732,0,0,0,0,0
0x1f097,0,0,0,0,0
0x12ca3,0,0,0,0,0
0x234f0,0,0,0,0,0
0xf015,0,0,0,0,0
0x24d68,0,0,0,0,0
0x21b83,0,0,0,0,0
0x1c1b3,0,0,0,0,0
0x196f4,0,0,0,0,0
0x387b,0,0,0,0,0
0xf972,0,0,0,0,0
0x1dca9,0,0,0,0,0
0xbb1b,0,0,0,0,0
0x12b7c,0,0,0,0,0
0x15503,0,0,0,0,0
0xbbff,0,0,0,0,0
0x121af,0,0,0,0,0
0x22722,0,0,0,0,0
0xcb3b,0,0,0,0,0
0x4950,0,0,0,0,0
0x25d3f,0,0,0,0,0
0x18be7,0,0,0,0,0
0x1f066,0,0,0,0,0
0x1286a,0,0,0,0,0
0x16ec7,0,0,0,0,0
0x7611,0,0,0,0,0
0x13d32,0,0,0,0,0
0x12085,0,0,0,0,0
0x24458,0,0,0,0,0
0x19d24,0,0,0,0,0
0xd6bc,0,0,0,0,0
0x237b3,0,0,0,0,0
0x21d38,0,0,0,0,0
0x1df47,0,0,0,0,0
0x4d10,0,0,0,0,0
0x12498,0,0,0,0,0
0x218f,0,0,0,0,0
0xd6ea,0,0,0,0,0
0x20934,0,0,0,0,0
0x1d601,0,0,0,0,0
0x1256e,0,0,0,0,0
0x7299,0,0,0,0,0
0xb46b,0,0,0,0,0
0x1c02b,0,0,0,0,0
0x22305,0,0,0,0,0
0xad30,0,0,0,0,0
0x17ea3,0,0,0,0,0
0x18d6f,0,0,0,0,0
0x20679,0,0,0,0,0
0x9142,0,0,0,0,0
0x59c0,0,0,0,0,0
0xff23,0,0,0,0,0
0x21f3d,0,0,0,0,0
0x5a25,0,0,0,0,0
0x238e7,0,0,0,0,0
0x53f3,0,0,0,0,0
0x11513,0,0,0,0,0
0xeee1,0,0,0,0,0
0xd2ca,0,0,0,0,0
0x1cb72,0,0,0,0,0
0x1cf59,0,0,0,0,0
0x20c9b,0,0,0,0,0
0x24f14,0,0,0,0,0
0x1418b,0,0,0,0,0
0x16bcc,0,0,0,0,0
0x1f489,0,0,0,0,0
0x2e68,0,0,0,0,0
0x15d2d,0,0,0,0,0
0x18c3a,0,0,0,0,0
0x17720,0,0,0,0,0
0xd15e,0,0,0,0,0
0x1562b,0,0,0,0,0
0x52a2,0,0,0,0,0
0x1bf0d,0,0,0,0,0
0xd1c0,0,0,0,0,0
0x62c1,0,0,0,0,0
0x2093c,0,0,0,0,0
0x928e,0,0,0,0,0
0x25ba7,0,0,0,0,0
0x127db,0,0,0,0,0
0x10296,0,0,0,0,0
0x51a5,0,0,0,0,0
0x21937,0,0,0,0,0
0x2f31,0,0,0,0,0
0x23f2,0,0,0,0,0
0x21fca,0,0,0,0,0
0xd794,0,0,0,0,0
0x11c32,0,0,0,0,0
0x23fcf,0,0,0,0,0
0x1a7e4,0,0,0,0,0
0x19df0,0,0,0,0,0
0x23a47,0,0,0,0,0
0x4ac0,0,0,0,0,0
0x204b0,0,0,0,0,0
0x6af3,0,0,0,0,0
0x200bf,0,0,0,0,0
0x21e88,0,0,0,0,0
0x15a89,0,0,0,0,0
0x5e5b,0,0,0,0,0
0x125e8,0,0,0,0,0
0x1abc2,0,0,0,0,0
0x11f2f,0,0,0,0,0
0x189f9,0,0,0,0,0
0x18ed,0,0,0,0,0
0x17b56,0,0,0,0,0
0x24a67,0,0,0,0,0
0x16b7,0,0,0,0,0
0x32d7,0,0,0,0,0
0x24dbb,0,0,0,0,0
0xe226,0,0,0,0,0
0x23118,0,0,0,0,0
0x23204,0,0,0,0,0
0x95c4,0,0,0,0,0
0x2440e,0,0,0,0,0
0x20212,0,0,0,0,0
0x10e2c,0,0,0,0,0
0x192b3,0,0,0,0,0
0x20858,0,0,0,0,0
0x2e5a,0,0,0,0,0
0x5ba4,0,0,0,0,0
0xfd1b,0,0,0,0,0
0xdf7b,0,0,0,0,0
0x2cd9,0,0,0,0,0
0x9fbc,0,0,0,0,0
0x1ad24,0,0,0,0,0
0x9fa6,0,0,0,0,0
0x229c3,0,0,0,0,0
0x22913,0,0,0,0,0
0x1d9b3,0,0,0,0,0
0x8f7c,0,0,0,0,0
0x7b8f,0,0,0,0,0
0x1cbe0,0,0,0,0,0
0x21352,0,0,0,0,0
0x8f88,0,0,0,0,0
0x24977,0,0,0,0,0
0x148c8,0,0,0,0,0
0x16ac5,0,0,0,0,0
0x25e7,0,0,0,0,0
0xbec4,0,0,0,0,0
0x3712,0,0,0,0,0
0x79b1,0,0,0,0,0
0x1f675,0,0,0,0,0
0x11fab,0,0,0,0,0
0x20bc6,0,0,0,0,0
0x1fca2,0,0,0,0,0
0x5d83,0,0,0,0,0
0x215ce,0,0,0,0,0
0xb233,0,0,0,0,0
0x15786,0,0,0,0,0
0x185dc,0,0,0,0,0
0xdb06,0,0,0,0,0
0x750d,0,0,0,0,0
0x1359b,0,0,0,0,0
0x1b7ff,0,0,0,0,0
0x1f007,0,0,0,0,0
0x1e9e4,0,0,0,0,0
0x1b6af,0,0,0,0,0
0x7f4e,0,0,0,0,0
0x14b2a,0,0,0,0,0
0xed2b,0,0,0,0,0
0x12a32,0,0,0,0,0
0x20f55,0,0,0,0,0
0x2982,0,0,0,0,0
0x8dc6,0,0,0,0,0
0x14ccc,0,0,0,0,0
0x21584,0,0,0,0,0
0x16760,0,0,0,0,0
0x806e,0,0,0,0,0
0x5bd1,0,0,0,0,0
0x1bb6c,0,0,0,0,0
0x16f43,0,0,0,0,0
0x24969,0,0,0,0,0
0xd250,0,0,0,0,0
0x1dd31,0,0,0,0,0
0x1602b,0,0,0,0,0
0xa519,0,0,0,0,0
0x1ccab,0,0,0,0,0
0x17b9f,0,0,0,0,0
0x17e12,0,0,0,0,0
0x21f98,0,0,0,0,0
0x1f5d2,0,0,0,0,0
0x20077,0,0,0,0,0
0x426b,0,0,0,0,0
0x1da1,0,0,0,0,0
0x4ede,0,0,0,0,0
0x1490c,0,0,0,0,0
0xb00b,0,0,0,0,0
0x20785,0,0,0,0,0
0x1bb82,0,0,0,0,0
0x2595c,0,0,0,0,0
0x13fa5,0,0,0,0,0
0x1d6cc,0,0,0,0,0
0xf2cd,0,0,0,0,0
0x7db9,0,0,0,0,0
0x20365,0,0,0,0,0
0x25e47,0,0,0,0,0
0x20f18,0,0,0,0,0
0x16789,0,0,0,0,0
0x15113,0,0,0,0,0
0x2549e,0,0,0,0,0
0x14147,0,0,0,0,0
0x803e,0,0,0,0,0
0x1085d,0,0,0,0,0
0x217e0,0,0,0,0,0
0x24a7e,0,0,0,0,0
0xcab0,0,0,0,0,0
0x1ec47,0,0,0,0,0
0x7bf8,0,0,0,0,0
0x2889,0,0,0,0,0
0x1e895,0,0,0,0,0
0x52a3,0,0,0,0,0
0x2135d,0,0,0,0,0
0x1acb8,0,0,0,0,0
0x1c898,0,0,0,0,0
0xdc4f,0,0,0,0,0
0x16635,0,0,0,0,0
0x1b1f4,0,0,0,0,0
0x25672,0,0,0,0,0
0x14c6f,0,0,0,0,0
0x125e5,0,0,0,0,0
0x243b4,0,0,0,0,0
0x1e1a5,0,0,0,0,0
0x17d99,0,0,0,0,0
0x1ef1f,0,0,0,0,0
0x1a070,0,0,0,0,0
0x1db5,0,0,0,0,0
0x55d0,0,0,0,0,0
0xb334,0,0,0,0,0
0x7f7f,0,0,0,0,0
0x105a6,0,0,0,0,0
0x48b3,0,0,0,0,0
0x3413,0,0,0,0,0
0x8982,0,0,0,0,0
0xd9ae,0,0,0,0,0
0x1cd4b,0,0,0,0,0
0x242fd,0,0,0,0,0
0xa613,0,0,0,0,0
0xa127,0,0,0,0,0
0x1ce0d,0,0,0,0,0
0x22b7f,0,0,0,0,0
0x20c1d,0,0,0,0,0
0x22819,0,0,0,0,0
0xba5c,0,0,0,0,0
0x243d,0,0,0,0,0
0x12e23,0,0,0,0,0
0x23cfc,0,0,0,0,0
0x160ab,0,0,0,0,0
0x1526e,0,0,0,0,0
0x172f8,0,0,0,0,0
0x480c,0,0,0,0,0
0x2280a,0,0,0,0,0
0x14e57,0,0,0,0,0
0x4fea,0,0,0,0,0
0x210d,0,0,0,0,0
0x1fab3,0,0,0,0,0
0x11d8e,0,0,0,0,0
0x1e510,0,0,0,0,0
0x6942,0,0,0,0,0
0x18197,0,0,0,0,0
0x257b5,0,0,0,0,0
0xfb91,0,0,0,0,0
0x24fef,0,0,0,0,0
0x1630f,0,0,0,0,0
0x2f61,0,0,0,0,0
0x23d16,0,0,0,0,0
0xa10a,0,0,0,0,0
0x327b,0,0,0,0,0
0x11e70,0,0,0,0,0
0x48e1,0,0,0,0,0
0xb234,0,0,0,0,0
0x229bc,0,0,0,0,0
0x11aef,0,0,0,0,0
0x4f05,0,0,0,0,0
0x129e1,0,0,0,0,0
0x1126f,0,0,0,0,0
0xbc0f,0,0,0,0,0
0x1595d,0,0,0,0,0
0xb562,0,0,0,0,0
0x37a1,0,0,0,0,0
0x11d3c,0,0,0,0,0
0x5386,0,0,0,0,0
0x171a6,0,0,0,0,0
0xbea2,0,0,0,0,0
0x1d79c,0,0,0,0,0
0x6d02,0,0,0,0,0
0x1d603,0,0,0,0,0
0x10a0c,0,0,0,0,0
0x24739,0,0,0,0,0
0x15699,0,0,0,0,0
0x18404,0,0,0,0,0
0x1601a,0,0,0,0,0
0xb12a,0,0,0,0,0
0x23747,0,0,0,0,0
0x1bfc0,0,0,0,0,0
0x14438,0,0,0,0,0
0x1593a,0,0,0,0,0
0x897a,0,0,0,0,0
0x8985,0,0,0,0,0
0x9589,0,0,0,0,0
0xc0c1,0,0,0,0,0
0xf9af,0,0,0,0,0
0xee64,0,0,0,0,0
0xd89d,0,0,0,0,0
0x5b13,0,0,0,0,0
0xddee,0,0,0,0,0
0x16de3,0,0,0,0,0
0x1573f,0,0,0,0,0
0x121b0,0,0,0,0,0
0x16aff,0,0,0,0,0
0x223c3,0,0,0,0,0
0x23146,0,0,0,0,0
0x1572a,0,0,0,0,0
0x1aebb,0,0,0,0,0
0x8a23,0,0,0,0,0
0x20fac,0,0,0,0,0
0x233c3,0,0,0,0,0
0xe319,0,0,0,0,0
0x22759,0,0,0,0,0
0x4425,0,0,0,0,0
0x1efa5,0,0,0,0,0
0xf1dd,0,0,0,0,0
0x2191,0,0,0,0,0
0x18cde,0,0,0,0,0
0xa492,0,0,0,0,0
0x60e4,0,0,0,0,0
0x167cc,0,0,0,0,0
0x164a0,0,0,0,0,0
0x22792,0,0,0,0,0
0x124db,0,0,0,0,0
0x16515,0,0,0,0,0
0x8a0a,0,0,0,0,0
0x10e80,0,0,0,0,0
0x1ed45,0,0,0,0,0
0xc9f0,0,0,0,0,0
0x2749,0,0,0,0,0
0x1590a,0,0,0,0,0
0x25904,0,0,0,0,0
0x1ac25,0,0,0,0,0
0xb661,0,0,0,0,0
0xd04b,0,0,0,0,0
0x169b6,0,0,0,0,0
0x21080,0,0,0,0,0
0x12a7a,0,0,0,0,0
0xcaa3,0,0,0,0,0
0x1f650,0,0,0,0,0
0x13a0c,0,0,0,0,0
0x247f,0,0,0,0,0
0x23f24,0,0,0,0,0
0x14809,0,0,0,0,0
0x1ca2,0,0,0,0,0
0x9f8e,0,0,0,0,0
0x753c,0,0,0,0,0
0x2120a,0,0,0,0,0
0xd9bb,0,0,0,0,0
0x25a77,0,0,0,0,0
0xb539,0,0,0,0,0
0x1deb1,0,0,0,0,0
0x1094c,0,0,0,0,0
0x1ac0f,0,0,0,0,0
0x1be86,0,0,0,0,0
0x1f6f8,0,0,0,0,0
0x349e,0,0,0,0,0
0x17783,0,0,0,0,0
0x17060,0,0,0,0,0
0x24efc,0,0,0,0,0
0x115de,0,0,0,0,0
0x24322,0,0,0,0,0
0x2c1d,0,0,0,0,0
0x1a600,0,0,0,0,0
0x10e3d,0,0,0,0,0
0x23450,0,0,0,0,0
0x16b60,0,0,0,0,0
0x3081,0,0,0,0,0
0x3f78,0,0,0,0,0
0x24d96,0,0,0,0,0
0x31c4,0,0,0,0,0
0x2d37,0,0,0,0,0
0x9fc0,0,0,0,0,0
0x8cb7,0,0,0,0,0
0x1811d,0,0,0,0,0
0x15166,0,0,0,0,0
0x23e3,0,0,0,0,0
0x25747,0,0,0,0,0
0xc380,0,0,0,0,0
0xa5ef,0,0,0,0,0
0x8961,0,0,0,0,0
0x1b1e9,0,0,0,0,0
0x2c52,0,0,0,0,0
0x552d,0,0,0,0,0
0x25d65,0,0,0,0,0
0x1f5d3,0,0,0,0,0
0x1db4,0,0,0,0,0
0xa470,0,0,0,0,0
0x17afd,0,0,0,0,0
0x1ea8d,0,0,0,0,0
0x5b39,0,0,0,0,0
0x1a1d2,0,0,0,0,0
0x19a0,0,0,0,0,0
0x248ca,0,0,0,0,0
0x17362,0,0,0,0,0
0x25165,0,0,0,0,0
0x155e4,0,0,0,0,0
0x200a1,0,0,0,0,0
0x185f2,0,0,0,0,0
0x63f1,0,0,0,0,0
0xf68c,0,0,0,0,0
0xc7c3,0,0,0,0,0
0x11f19,0,0,0,0,0
0x25201,0,0,0,0,0
0x129c6,0,0,0,0,0
0x21ac3,0,0,0,0,0
0x3792,0,0,0,0,0
0x85ad,0,0,0,0,0
0xde5f,0,0,0,0,0
0x1a2ba,0,0,0,0,0
0xf5d9,0,0,0,0,0
0x4627,0,0,0,0,0
0x22846,0,0,0,0,0
0x6c68,0,0,0,0,0
0x18e7a,0,0,0,0,0
0x13477,0,0,0,0,0
0x7b12,0,0,0,0,0
0x9b65,0,0,0,0,0
0x238c9,0,0,0,0,0
0x250bc,0,0,0,0,0
0xa1aa,0,0,0,0,0
0x1633e,0,0,0,0,0
0x11d82,0,0,0,0,0
0xffb5,0,0,0,0,0
0x12367,0,0,0,0,0
0x20fc0,0,0,0,0,0
0xeb63,0,0,0,0,0
0x18db8,0,0,0,0,0
0x8940,0,0,0,0,0
0x17f2f,0,0,0,0,0
0xdc80,0,0,0,0,0
0xd16b,0,0,0,0,0
0x9d67,0,0,0,0,0
0x75a3,0,0,0,0,0
0x132d3,0,0,0,0,0
0xf3de,0,0,0,0,0
0x1e8c2,0,0,0,0,0
0xf28f,0,0,0,0,0
0x7f15,0,0,0,0,0
0x2559d,0,0,0,0,0
0x10cc6,0,0,0,0,0
0x9471,0,0,0,0,0
0x1fbe1,0,0,0,0,0
0x244af,0,0,0,0,0
0x665c,0,0,0,0,0
0x1f8c,0,0,0,0,0
0x22a46,0,0,0,0,0
0x1e0d5,0,0,0,0,0
0x1389d,0,0,0,0,0
0xc69a,0,0,0,0,0
0xa591,0,0,0,0,0
0xe92f,0,0,0,0,0
0x6578,0,0,0,0,0
0x21306,0,0,0,0,0
0x8c33,0,0,0,0,0
0x1a76,0,0,0,0,0
0x417b,0,0,0,0,0
0x1dd99,0,0,0,0,0
0xbc31,0,0,0,0,0
0x8898,0,0,0,0,0
0x1b1b0,0,0,0,0,0
0x8e57,0,0,0,0,0
0x611a,0,0,0,0,0
0x12976,0,0,0,0,0
0x3a36,0,0,0,0,0
0x22220,0,0,0,0,0
0x773f,0,0,0,0,0
0x23c05,0,0,0,0,0
0x1ff80,0,0,0,0,0
0xa99f,0,0,0,0,0
0x17079,0,0,0,0,0
0x24ed9,0,0,0,0,0
0x2366b,0,0,0,0,0
0x5f32,0,0,0,0,0
0x101fd,0,0,0,0,0
0x22065,0,0,0,0,0
0x21081,0,0,0,0,0
0x1e4b9,0,0,0,0,0
0xd156,0,0,0,0,0
0x1d70,0,0,0,0,0
0x23c6e,0,0,0,0,0
0x190c4,0,0,0,0,0
0xcd07,0,0,0,0,0
0x7431,0,0,0,0,0
0x49f3,0,0,0,0,0
0xfa02,0,0,0,0,0
0x6db6,0,0,0,0,0
0x1e661,0,0,0,0,0
0xcad4,0,0,0,0,0
0x206bf,0,0,0,0,0
0x25d60,0,0,0,0,0
0xaba2,0,0,0,0,0
0x68f3,0,0,0,0,0
0x6c00,0,0,0,0,0
0x1110a,0,0,0,0,0
0x204cc,0,0,0,0,0
0x21dde,0,0,0,0,0
0x5e64,0,0,0,0,0
0x4664,0,0,0,0,0
0x18aa4,0,0,0,0,0
0x1b26d,0,0,0,0,0
0xda7d,0,0,0,0,0
0x801d,0,0,0,0,0
0x23df0,0,0,0,0,0
0x19905,0,0,0,0,0
0x234b1,0,0,0,0,0
0x14063,0,0,0,0,0
0xd38a,0,0,0,0,0
0xd4ca,0,0,0,0,0
0xa63f,0,0,0,0,0
0x21b0d,0,0,0,0,0
0xf5f2,0,0,0,0,0
0xb7b4,0,0,0,0,0
0x1c28a,0,0,0,0,0
0x1b4eb,0,0,0,0,0
0xce3c,0,0,0,0,0
0x9b0a,0,0,0,0,0
0x67ec,0,0,0,0,0
0x1b31e,0,0,0,0,0
0x122db,0,0,0,0,0
0xf8f4,0,0,0,0,0
0x16688,0,0,0,0,0
0x152a8,0,0,0,0,0
0x1c155,0,0,0,0,0
0x9d39,0,0,0,0,0
0x7eed,0,0,0,0,0
0x20da4,0,0,0,0,0
0xd935,0,0,0,0,0
0x1060e,0,0,0,0,0
0xacc4,0,0,0,0,0
0x7ba2,0,0,0,0,0
0x23f1,0,0,0,0,0
0x1e1c9,0,0,0,0,0
0x124ff,0,0,0,0,0
0x1dce5,0,0,0,0,0
0x7fb7,0,0,0,0,0
0x227a0,0,0,0,0,0
0x1daec,0,0,0,0,0
0x24b83,0,0,0,0,0
0x1bec2,0,0,0,0,0
0x24c6,0,0,0,0,0
0x180ca,0,0,0,0,0
0x25fa5,0,0,0,0,0
0x7ae6,0,0,0,0,0
0x23557,0,0,0,0,0
0xad86,0,0,0,0,0
0xf14a,0,0,0,0,0
0x1c269,0,0,0,0,0
0x165d,0,0,0,0,0
0xe1de,0,0,0,0,0
0xe6a9,0,0,0,0,0
0x1c81,0,0,0,0,0
0x22363,0,0,0,0,0
0x1a281,0,0,0,0,0
0x14e59,0,0,0,0,0
0x1c8e4,0,0,0,0,0
0x196b8,0,0,0,0,0
0x6cc6,0,0,0,0,0
0x682e,0,0,0,0,0
0x10bc9,0,0,0,0,0
0x1bb94,0,0,0,0,0
0x1f403,0,0,0,0,0
0x1f371,0,0,0,0,0
0x5f3d,0,0,0,0,0
0x1ba56,0,0,0,0,0
0x13992,0,0,0,0,0
0x1a66a,0,0,0,0,0
0x187a4,0,0,0,0,0
0x133df,0,0,0,0,0
0x9799,0,0,0,0,0
0x7500,0,0,0,0,0
0x6a2d,0,0,0,0,0
0xcd7a,0,0,0,0,0
0x25dd9,0,0,0,0,0
0xc6ea,0,0,0,0,0
0x8442,0,0,0,0,0
0x23f52,0,0,0,0,0
0xb827,0,0,0,0,0
0x1bbfb,0,0,0,0,0
0x1773c,0,0,0,0,0
0x1f5d,0,0,0,0,0
0x14b6e,0,0,0,0,0
0x450b,0,0,0,0,0
0xca56,0,0,0,0,0
0x20a48,0,0,0,0,0
0x20dc,0,0,0,0,0
0x1fa84,0,0,0,0,0
0x885b,0,0,0,0,0
0x22af3,0,0,0,0,0
0x23bcf,0,0,0,0,0
0x1db88,0,0,0,0,0
0xb736,0,0,0,0,0
0x1a86e,0,0,0,0,0
0xd3bd,0,0,0,0,0
0x1752c,0,0,0,0,0
0x136a5,0,0,0,0,0
0x1da82,0,0,0,0,0
0x25213,0,0,0,0,0
0x231c0,0,0,0,0,0
0x12464,0,0,0,0,0
0x4a6b,0,0,0,0,0
0x510c,0,0,0,0,0
0x311a,0,0,0,0,0
0xac8d,0,0,0,0,0
0x138ee,0,0,0,0,0
0x2c59,0,0,0,0,0
0xd2d7,0,0,0,0,0
0x1f07b,0,0,0,0,0
0x3deb,0,0,0,0,0
0x13c04,0,0,0,0,0
0x250fe,0,0,0,0,0
0x320f,0,0,0,0,0
0x1f22f,0,0,0,0,0
0x2249b,0,0,0,0,0
0x3c16,0,0,0,0,0
0x13f7e,0,0,0,0,0
0x7a6f,0,0,0,0,0
0x1efd4,0,0,0,0,0
0x4de4,0,0,0,0,0
0x1822,0,0,0,0,0
0x1cfdd,0,0,0,0,0
0x24a4b,0,0,0,0,0
0x1bea0,0,0,0,0,0
0x2155,0,0,0,0,0
0x15a07,0,0,0,0,0
0xa3dc,0,0,0,0,0
0x218cf,0,0,0,0,0
0xb63d,0,0,0,0,0
0x1a85,0,0,0,0,0
0x294b,0,0,0,0,0
0x52e1,0,0,0,0,0
0x23776,0,0,0,0,0
0x39d3,0,0,0,0,0
0x1e5be,0,0,0,0,0
0x75a9,0,0,0,0,0
0x12f38,0,0,0,0,0
0x200ee,0,0,0,0,0
0x2373b,0,0,0,0,0
0x1ebe3,0,0,0,0,0
0x1b6c9,0,0,0,0,0
0x236d9,0,0,0,0,0
0x239dc,0,0,0,0,0
0x148f3,0,0,0,0,0
0xd62a,0,0,0,0,0
0xaad7,0,0,0,0,0
0x8f85,0,0,0,0,0
0x15d37,0,0,0,0,0
0x6c55,0,0,0,0,0
0x13d56,0,0,0,0,0
0xcf85,0,0,0,0,0
0x21721,0,0,0,0,0
0xac42,0,0,0,0,0
0x6016,0,0,0,0,0
0x1a3d0,0,0,0,0,0
0xda61,0,0,0,0,0
0x1b53,0,0,0,0,0
0x200f2,0,0,0,0,0
0x49fe,0,0,0,0,0
0x726d,0,0,0,0,0
0x13d22,0,0,0,0,0
0x58c9,0,0,0,0,0
0x1735,0,0,0,0,0
0x2054d,0,0,0,0,0
0x1a57,0,0,0,0,0
0x213df,0,0,0,0,0
0x6b40,0,0,0,0,0
0x1c0e9,0,0,0,0,0
0x25d91,0,0,0,0,0
0x1835b,0,0,0,0,0
0x1a9e9,0,0,0,0,0
0x113a6,0,0,0,0,0
0xcaf6,0,0,0,0,0
0x19a6d,0,0,0,0,0
0x246cd,0,0,0,0,0
0x124eb,0,0,0,0,0
0xce7b,0,0,0,0,0
0x222f1,0,0,0,0,0
0xc612,0,0,0,0,0
0x7c1d,0,0,0,0,0
0xcd44,0,0,0,0,0
0x1c3df,0,0,0,0,0
0xd8a2,0,0,0,0,0
0x19072,0,0,0,0,0
0xcb27,0,0,0,0,0
0x117f6,0,0,0,0,0
0x13959,0,0,0,0,0
0xf682,0,0,0,0,0
0x13542,0,0,0,0,0
0x1e69,0,0,0,0,0
0x3a73,0,0,0,0,0
0x3743,0,0,0,0,0
0x52dd,0,0,0,0,0
0x535f,0,0,0,0,0
0x16ecd,0,0,0,0,0
0x1fdc5,0,0,0,0,0
0x10e73,0,0,0,0,0
0x23b57,0,0,0,0,0
0x1ec00,0,0,0,0,0
0x3877,0,0,0,0,0
0xfa66,0,0,0,0,0
0x16f34,0,0,0,0,0
0x1d5ed,0,0,0,0,0
0x25793,0,0,0,0,0
0x10f2c,0,0,0,0,0
0x999b,0,0,0,0,0
0x13761,0,0,0,0,0
0x12167,0,0,0,0,0
0x13a0e,0,0,0,0,0
0x1bb6b,0,0,0,0,0
0x12ee6,0,0,0,0,0
0x17aa,0,0,0,0,0
0x16d22,0,0,0,0,0
0x1ada3,0,0,0,0,0
0x21b63,0,0,0,0,0
0x252c7,0,0,0,0,0
0x503b,0,0,0,0,0
0x7519,0,0,0,0,0
0x32b8,0,0,0,0,0
0x5311,0,0,0,0,0
0x1d0d9,0,0,0,0,0
0x785e,0,0,0,0,0
0x1421e,0,0,0,0,0
0x2070a,0,0,0,0,0
0x5c32,0,0,0,0,0
0x1b313,0,0,0,0,0
0x1b1f6,0,0,0,0,0
0x16beb,0,0,0,0,0
0x1c1fa,0,0,0,0,0
0xf7d3,0,0,0,0,0
0x2297a,0,0,0,0,0
0x1e19,0,0,0,0,0
0x1a806,0,0,0,0,0
0x11550,0,0,0,0,0
0xf2d6,0,0,0,0,0
0xbaae,0,0,0,0,0
0xef59,0,0,0,0,0
0xa4b8,0,0,0,0,0
0x24975,0,0,0,0,0
0x19149,0,0,0,0,0
0x1367e,0,0,0,0,0
0x1706f,0,0,0,0,0
0x20688,0,0,0,0,0
0x2136,0,0,0,0,0
0x4133,0,0,0,0,0
0x1e197,0,0,0,0,0
0x2285f,0,0,0,0,0
0x21ffd,0,0,0,0,0
0x17e32,0,0,0,0,0
0x14533,0,0,0,0,0
0x19f05,0,0,0,0,0
0x11677,0,0,0,0,0
0x1114e,0,0,0,0,0
0x12b62,0,0,0,0,0
0x245c5,0,0,0,0,0
0x22d10,0,0,0,0,0
0x569c,0,0,0,0,0
0xbd7f,0,0,0,0,0
0x1bd99,0,0,0,0,0
0x1ef4e,0,0,0,0,0
0x761f,0,0,0,0,0
0x1fc5,0,0,0,0,0
0x160c2,0,0,0,0,0
0x18ac4,0,0,0,0,0
0x24351,0,0,0,0,0
0x54a2,0,0,0,0,0
0x15dcf,0,0,0,0,0
0x20c92,0,0,0,0,0
0x6c3a,0,0,0,0,0
0x1c3e,0,0,0,0,0
0xa313,0,0,0,0,0
0x1ddbe,0,0,0,0,0
0x14657,0,0,0,0,0
0x1da06,0,0,0,0,0
0x224f5,0,0,0,0,0
0x25b90,0,0,0,0,0
0xb5b9,0,0,0,0,0
0x384a,0,0,0,0,0
0x17bc8,0,0,0,0,0
0x2211,0,0,0,0,0
0x1c057,0,0,0,0,0
0x9b32,0,0,0,0,0
0x2166,0,0,0,0,0
0x1217b,0,0,0,0,0
0x239cd,0,0,0,0,0
0x11f29,0,0,0,0,0
0x63af,0,0,0,0,0
0x24355,0,0,0,0,0
0xef05,0,0,0,0,0
0x25010,0,0,0,0,0
0x1f609,0,0,0,0,0
0xc8f2,0,0,0,0,0
0x1099f,0,0,0,0,0
0x5952,0,0,0,0,0
0x13718,0,0,0,0,0
0x4957,0,0,0,0,0
0xe286,0,0,0,0,0
0x50d0,0,0,0,0,0
0x141e2,0,0,0,0,0
0x230b4,0,0,0,0,0
0x9c78,0,0,0,0,0
0xb09f,0,0,0,0,0
0x1749d,0,0,0,0,0
0x1d12a,0,0,0,0,0
0x153a8,0,0,0,0,0
0x1dc1a,0,0,0,0,0
0x15ba9,0,0,0,0,0
0xbb11,0,0,0,0,0
0x12884,0,0,0,0,0
0x2294f,0,0,0,0,0
0x21d15,0,0,0,0,0
0x6105,0,0,0,0,0
0xe8b7,0,0,0,0,0
0x1abe9,0,0,0,0,0
0x17208,0,0,0,0,0
0x22569,0,0,0,0,0
0x49e7,0,0,0,0,0
0xcbab,0,0,0,0,0
0xbd9a,0,0,0,0,0
0x5431,0,0,0,0,0
0x215ad,0,0,0,0,0
0x2362,0,0,0,0,0
0x99ec,0,0,0,0,0
0x24068,0,0,0,0,0
0x1ce81,0,0,0,0,0
0x13b66,0,0,0,0,0
0x9fe3,0,0,0,0,0
0x161f,0,0,0,0,0
0xfb92,0,0,0,0,0
0x1bf68,0,0,0,0,0
0x25375,0,0,0,0,0
0x9bb3,0,0,0,0,0
0x9698,0,0,0,0,0
0x1d67a,0,0,0,0,0
0x17bdf,0,0,0,0,0
0x18b9a,0,0,0,0,0
0x1408e,0,0,0,0,0
0x11c83,0,0,0,0,0
0x4f7d,0,0,0,0,0
0xf62c,0,0,0,0,0
0xf71f,0,0,0,0,0
0x7200,0,0,0,0,0
0x6c47,0,0,0,0,0
0x1cdd6,0,0,0,0,0
0x1eb4,0,0,0,0,0
0x15582,0,0,0,0,0
0x16bd3,0,0,0,0,0
0x5f00,0,0,0,0,0
0x1fdac,0,0,0,0,0
0xab5d,0,0,0,0,0
0x1f5b4,0,0,0,0,0
0x1a1c9,0,0,0,0,0
0x171eb,0,0,0,0,0
0x120b4,0,0,0,0,0
0x9789,0,0,0,0,0
0x9b2e,0,0,0,0,0
0x1354e,0,0,0,0,0
0x1ef2d,0,0,0,0,0
0x1c435,0,0,0,0,0
0x1ecec,0,0,0,0,0
0xdb76,0,0,0,0,0
0xa351,0,0,0,0,0
0x1d67b,0,0,0,0,0
0x118cf,0,0,0,0,0
0x376f,0,0,0,0,0
0x99a7,0,0,0,0,0
0xc2dc,0,0,0,0,0
0x1afd7,0,0,0,0,0
0xa2a2,0,0,0,0,0
0x540c,0,0,0,0,0
0x1f0c9,0,0,0,0,0
0x20826,0,0,0,0,0
0x1f992,0,0,0,0,0
0xfcc8,0,0,0,0,0
0x1da47,0,0,0,0,0
0x1d96b,0,0,0,0,0
0x9b29,0,0,0,0,0
0x17a09,0,0,0,0,0
0x25b5f,0,0,0,0,0
0x1dfb3,0,0,0,0,0
0x21bef,0,0,0,0,0
0x1fd59,0,0,0,0,0
0x8d06,0,0,0,0,0
0xde6c,0,0,0,0,0
0x18aab,0,0,0,0,0
0x19103,0,0,0,0,0
0x5c91,0,0,0,0,0
0x10f8b,0,0,0,0,0
0xa2a4,0,0,0,0,0
0x1b533,0,0,0,0,0
0x235c8,0,0,0,0,0
0xe040,0,0,0,0,0
0x2b34,0,0,0,0,0
0x1239b,0,0,0,0,0
0x105a3,0,0,0,0,0
0x4fa0,0,0,0,0,0
0x7fdd,0,0,0,0,0
0xcfc8,0,0,0,0,0
0x3106,0,0,0,0,0
0x1bd1c,0,0,0,0,0
0x1148b,0,0,0,0,0
0x144b3,0,0,0,0,0
0x210d4,0,0,0,0,0
0x12939,0,0,0,0,0
0x14033,0,0,0,0,0
0x1b066,0,0,0,0,0
0x1515b,0,0,0,0,0
0x12f01,0,0,0,0,0
0x1fe79,0,0,0,0,0
0x189fd,0,0,0,0,0
0x1ba41,0,0,0,0,0
0x4487,0,0,0,0,0
0xaf4c,0,0,0,0,0
0x24892,0,0,0,0,0
0xf918,0,0,0,0,0
0x20e36,0,0,0,0,0
0x14221,0,0,0,0,0
0x14226,0,0,0,0,0
0x20114,0,0,0,0,0
0x23fd1,0,0,0,0,0
0x2317,0,0,0,0,0
0x1534e,0,0,0,0,0
0x11e04,0,0,0,0,0
0x1c43d,0,0,0,0,0
0x1ad12,0,0,0,0,0
0x20f8e,0,0,0,0,0
0x7042,0,0,0,0,0
0x1bf72,0,0,0,0,0
0x17ce8,0,0,0,0,0
0x15186,0,0,0,0,0
0x6348,0,0,0,0,0
0x1a6c2,0,0,0,0,0
0x1c146,0,0,0,0,0
0x22cd0,0,0,0,0,0
0x1d581,0,0,0,0,0
0x14565,0,0,0,0,0
0x1e9fa,0,0,0,0,0
0x23e37,0,0,0,0,0
0x22051,0,0,0,0,0
0x2487c,0,0,0,0,0
0x8d00,0,0,0,0,0
0x1333e,0,0,0,0,0
0xab9a,0,0,0,0,0
0x253c7,0,0,0,0,0
0xf2b5,0,0,0,0,0
0x24961,0,0,0,0,0
0x19ed6,0,0,0,0,0
0x1c464,0,0,0,0,0
0x11cf2,0,0,0,0,0
0x102f0,0,0,0,0,0
0x1e710,0,0,0,0,0
0x8ca8,0,0,0,0,0
0x1d026,0,0,0,0,0
0x1b12c,0,0,0,0,0
0x19273,0,0,0,0,0
0x1d185,0,0,0,0,0
0xdeba,0,0,0,0,0
0x413c,0,0,0,0,0
0x1a9ee,0,0,0,0,0
0x5dde,0,0,0,0,0
0x24efa,0,0,0,0,0
0x15e0c,0,0,0,0,0
0x872a,0,0,0,0,0
0xa8c9,0,0,0,0,0
0x20e4a,0,0,0,0,0
0x943e,0,0,0,0,0
0x16f7a,0,0,0,0,0
0x87a2,0,0,0,0,0
0x1cd00,0,0,0,0,0
0x12072,0,0,0,0,0
0x5b32,0,0,0,0,0
0x1ddb2,0,0,0,0,0
0x42fd,0,0,0,0,0
0x12a5c,0,0,0,0,0
0x1a2b8,0,0,0,0,0
0x1287a,0,0,0,0,0
0x13f75,0,0,0,0,0
0x2193d,0,0,0,0,0
0x9d29,0,0,0,0,0
0x20863,0,0,0,0,0
0x10a6b,0,0,0,0,0
0x190a3,0,0,0,0,0
0x21fd4,0,0,0,0,0
0x2357f,0,0,0,0,0
0x1bb7c,0,0,0,0,0
0x5572,0,0,0,0,0
0x1ebcb,0,0,0,0,0
0xd626,0,0,0,0,0
0x6fcc,0,0,0,0,0
0x16ed,0,0,0,0,0
0xb619,0,0,0,0,0
0xd530,0,0,0,0,0
0xeb35,0,0,0,0,0
0xbb29,0,0,0,0,0
0x2469c,0,0,0,0,0
0x3614,0,0,0,0,0
0x1907f,0,0,0,0,0
0x1b435,0,0,0,0,0
0x21410,0,0,0,0,0
0xcc76,0,0,0,0,0
0x6887,0,0,0,0,0
0x10380,0,0,0,0,0
0x1e1f,0,0,0,0,0
0x1c584,0,0,0,0,0
0x2563,0,0,0,0,0
0x21e70,0,0,0,0,0
0x23804,0,0,0,0,0
0xeb7b,0,0,0,0,0
0x1a3bf,0,0,0,0,0
0xd0e6,0,0,0,0,0
0x991e,0,0,0,0,0
0x1f484,0,0,0,0,0
0xd6df,0,0,0,0,0
0x1ae97,0,0,0,0,0
0x12d7e,0,0,0,0,0
0x1ddd2,0,0,0,0,0
0x1807e,0,0,0,0,0
0x9891,0,0,0,0,0
0x49a2,0,0,0,0,0
0x3533,0,0,0,0,0
0x1ffd0,0,0,0,0,0
0xb119,0,0,0,0,0
0xb568,0,0,0,0,0
0x1edc7,0,0,0,0,0
0x1c1d6,0,0,0,0,0
0xb9d1,0,0,0,0,0
0x20a17,0,0,0,0,0
0x416f,0,0,0,0,0
0x1c22b,0,0,0,0,0
0x1125a,0,0,0,0,0
0x21110,0,0,0,0,0
0x70ba,0,0,0,0,0
0x907f,0,0,0,0,0
0x22d2,0,0,0,0,0
0xcc68,0,0,0,0,0
0x25041,0,0,0,0,0
0xf451,0,0,0,0,0
0x15585,0,0,0,0,0
0x5fff,0,0,0,0,0
0x17896,0,0,0,0,0
0x9dce,0,0,0,0,0
0x1aa08,0,0,0,0,0
0x22e1,0,0,0,0,0
0x1c938,0,0,0,0,0
0xf3d7,0,0,0,0,0
0x10fbb,0,0,0,0,0
0x21a80,0,0,0,0,0
0x1f28a,0,0,0,0,0
0x19405,0,0,0,0,0
0xfd06,0,0,0,0,0
0x2574d,0,0,0,0,0
0x1fc1b,0,0,0,0,0
0x1f93e,0,0,0,0,0
0xaf1a,0,0,0,0,0
0x4042,0,0,0,0,0
0x2185,0,0,0,0,0
0x24fe5,0,0,0,0,0
0x5a98,0,0,0,0,0
0x1d055,0,0,0,0,0
0x2048d,0,0,0,0,0
0x18426,0,0,0,0,0
0xa014,0,0,0,0,0
0x24435,0,0,0,0,0
0x13762,0,0,0,0,0
0x1f37e,0,0,0,0,0
0x1b5c0,0,0,0,0,0
0x97df,0,0,0,0,0
0x11fb9,0,0,0,0,0
0xfac7,0,0,0,0,0
0x9406,0,0,0,0,0
0xfd21,0,0,0,0,0
0x26ef,0,0,0,0,0
0x10488,0,0,0,0,0
0x1e5bf,0,0,0,0,0
0x1e48a,0,0,0,0,0
0x12325,0,0,0,0,0
0x16ff7,0,0,0,0,0
0xa068,0,0,0,0,0
0x1c16e,0,0,0,0,0
0x8226,0,0,0,0,0
0xc24a,0,0,0,0,0
0x18ab6,0,0,0,0,0
0xa549,0,0,0,0,0
0x1a5fe,0,0,0,0,0
0x195d2,0,0,0,0,0
0x25476,0,0,0,0,0
0x25beb,0,0,0,0,0
0xdfe0,0,0,0,0,0
0xc4f8,0,0,0,0,0
0x8746,0,0,0,0,0
0x1267f,0,0,0,0,0
0x15bf4,0,0,0,0,0
0x11662,0,0,0,0,0
0x258fd,0,0,0,0,0
0x62e4,0,0,0,0,0
0x8dd8,0,0,0,0,0
0x1e078,0,0,0,0,0
0x18888,0,0,0,0,0
0x23fc3,0,0,0,0,0
0x345a,0,0,0,0,0
0x22432,0,0,0,0,0
0x15e7a,0,0,0,0,0
0x5d99,0,0,0,0,0
0x2082c,0,0,0,0,0
0x8c30,0,0,0,0,0
0x10b8b,0,0,0,0,0
0x1b030,0,0,0,0,0
0x11064,0,0,0,0,0
0x107fb,0,0,0,0,0
0x1675f,0,0,0,0,0
0x25339,0,0,0,0,0
0x2262,0,0,0,0,0
0x1f098,0,0,0,0,0
0x7492,0,0,0,0,0
0x170fd,0,0,0,0,0
0x13e67,0,0,0,0,0
0x232b0,0,0,0,0,0
0x15efb,0,0,0,0,0
0x20c2f,0,0,0,0,0
0x1be0b,0,0,0,0,0
0x72d2,0,0,0,0,0
0x1da69,0,0,0,0,0
0x24db8,0,0,0,0,0
0x4007,0,0,0,0,0
0x23d5e,0,0,0,0,0
0x1caf4,0,0,0,0,0
0x1e8be,0,0,0,0,0
0x230d1,0,0,0,0,0
0x1e89c,0,0,0,0,0
0x22fce,0,0,0,0,0
0xe86e,0,0,0,0,0
0x6dd1,0,0,0,0,0
0x6947,0,0,0,0,0
0xba51,0,0,0,0,0
0x4c27,0,0,0,0,0
0x16c37,0,0,0,0,0
0x2322,0,0,0,0,0
0x248f,0,0,0,0,0
0x3078,0,0,0,0,0
0x24ea6,0,0,0,0,0
0x22b15,0,0,0,0,0
0xa756,0,0,0,0,0
0x1b06b,0,0,0,0,0
0xc323,0,0,0,0,0
0xe19d,0,0,0,0,0
0x4c4d,0,0,0,0,0
0x1c37b,0,0,0,0,0
0x1af64,0,0,0,0,0
0xc47a,0,0,0,0,0
0x5e08,0,0,0,0,0
0xb9cc,0,0,0,0,0
0x1c2c8,0,0,0,0,0
0x172ce,0,0,0,0,0
0xe1b5,0,0,0,0,0
0xff48,0,0,0,0,0
0x213b2,0,0,0,0,0
0x1e050,0,0,0,0,0
0x1fae4,0,0,0,0,0
0x8658,0,0,0,0,0
0x1ec6d,0,0,0,0,0
0xa266,0,0,0,0,0
0x1a79b,0,0,0,0,0
0x25d58,0,0,0,0,0
0x3621,0,0,0,0,0
0x13067,0,0,0,0,0
0xccb3,0,0,0,0,0
0x23273,0,0,0,0,0
0xc690,0,0,0,0,0
0xcec0,0,0,0,0,0
0x3acf,0,0,0,0,0
0x20bb1,0,0,0,0,0
0x83da,0,0,0,0,0
0x225e5,0,0,0,0,0
0x24c13,0,0,0,0,0
0xe15d,0,0,0,0,0
0x1853a,0,0,0,0,0
0x136df,0,0,0,0,0
0x13ec6,0,0,0,0,0
0xe6e9,0,0,0,0,0
0x7fa2,0,0,0,0,0
0xbe26,0,0,0,0,0
0x145df,0,0,0,0,0
0x9d26,0,0,0,0,0
0x19c13,0,0,0,0,0
0x1c0e1,0,0,0,0,0
0x43ce,0,0,0,0,0
0x22073,0,0,0,0,0
0x1a8c9,0,0,0,0,0
0x10620,0,0,0,0,0
0xf4d0,0,0,0,0,0
0x11b72,0,0,0,0,0
0xbbc5,0,0,0,0,0
0x5736,0,0,0,0,0
0x16411,0,0,0,0,0
0x38b7,0,0,0,0,0
0x1f2e1,0,0,0,0,0
0x19546,0,0,0,0,0
0x21d81,0,0,0,0,0
0x3f50,0,0,0,0,0
0x1f47b,0,0,0,0,0
0x220f4,0,0,0,0,0
0xcb0c,0,0,0,0,0
0x14ec9,0,0,0,0,0
0xe264,0,0,0,0,0
0x161d0,0,0,0,0,0
0x20fa8,0,0,0,0,0
0x1416b,0,0,0,0,0
0x83be,0,0,0,0,0
0xda0d,0,0,0,0,0
0xc52e,0,0,0,0,0
0x73d5,0,0,0,0,0
0x104c4,0,0,0,0,0
0x22d7b,0,0,0,0,0
0x1508e,0,0,0,0,0
0x4793,0,0,0,0,0
0xe143,0,0,0,0,0
0x1ed2b,0,0,0,0,0
0x15282,0,0,0,0,0
0x9c6a,0,0,0,0,0
0x200d8,0,0,0,0,0
0xabd2,0,0,0,0,0
0x1190a,0,0,0,0,0
0x17ef6,0,0,0,0,0
0x1df0e,0,0,0,0,0
0x1eaa1,0,0,0,0,0
0x20b1d,0,0,0,0,0
0x1db99,0,0,0,0,0
0x5df6,0,0,0,0,0
0x89a9,0,0,0,0,0
0x175de,0,0,0,0,0
0x1de34,0,0,0,0,0
0x3b03,0,0,0,0,0
0x1682e,0,0,0,0,0
0x1b240,0,0,0,0,0
0x1f3e7,0,0,0,0,0
0x14c27,0,0,0,0,0
0x656b,0,0,0,0,0
0x110aa,0,0,0,0,0
0x91e7,0,0,0,0,0
0x5adf,0,0,0,0,0
0x21678,0,0,0,0,0
0x1789f,0,0,0,0,0
0x1e503,0,0,0,0,0
0x8e26,0,0,0,0,0
0x1214c,0,0,0,0,0
0x19ed9,0,0,0,0,0
0x1add9,0,0,0,0,0
0x146e4,0,0,0,0,0
0xcac2,0,0,0,0,0
0x224e8,0,0,0,0,0
0x206cd,0,0,0,0,0
0x1db34,0,0,0,0,0
0x2450b,0,0,0,0,0
0x185b4,0,0,0,0,0
0xdab6,0,0,0,0,0
0x4105,0,0,0,0,0
0x20b34,0,0,0,0,0
0x2574a,0,0,0,0,0
0x5300,0,0,0,0,0
0x13f1c,0,0,0,0,0
0x76ea,0,0,0,0,0
0x24c2a,0,0,0,0,0
0xc624,0,0,0,0,0
0x1c462,0,0,0,0,0
0x1c395,0,0,0,0,0
0x22b2a,0,0,0,0,0
0x5663,0,0,0,0,0
0x10b21,0,0,0,0,0
0x20b7b,0,0,0,0,0
0x1d34a,0,0,0,0,0
0x11626,0,0,0,0,0
0x1c41a,0,0,0,0,0
0x2516e,0,0,0,0,0
0x6b4a,0,0,0,0,0
0x17872,0,0,0,0,0
0x177bd,0,0,0,0,0
0x1ff7b,0,0,0,0,0
0x1b59c,0,0,0,0,0
0x1dedf,0,0,0,0,0
0x12ecd,0,0,0,0,0
0x1a959,0,0,0,0,0
0x1160b,0,0,0,0,0
0x15ea9,0,0,0,0,0
0x1dbec,0,0,0,0,0
0x14fcd,0,0,0,0,0
0x23b8,0,0,0,0,0
0x1bc3c,0,0,0,0,0
0xcccd,0,0,0,0,0
0x20631,0,0,0,0,0
0x24dde,0,0,0,0,0
0x22e76,0,0,0,0,0
0x12da3,0,0,0,0,0
0x23b28,0,0,0,0,0
0x1b772,0,0,0,0,0
0x1194c,0,0,0,0,0
0x1b487,0,0,0,0,0
0x17ab3,0,0,0,0,0
0x8904,0,0,0,0,0
0x6f21,0,0,0,0,0
0x17de2,0,0,0,0,0
0x21260,0,0,0,0,0
0x4422,0,0,0,0,0
0x5b1d,0,0,0,0,0
0x1a412,0,0,0,0,0
0x22e77,0,0,0,0,0
0x4e3a,0,0,0,0,0
0x1b463,0,0,0,0,0
0x189fa,0,0,0,0,0
0x217b8,0,0,0,0,0
0x2804,0,0,0,0,0
0x8bff,0,0,0,0,0
0x231e1,0,0,0,0,0
0xc62a,0,0,0,0,0
0x2287,0,0,0,0,0
0x6b1b,0,0,0,0,0
0x6143,0,0,0,0,0
0x15f1e,0,0,0,0,0
0x18c14,0,0,0,0,0
0xaf20,0,0,0,0,0
0x1b780,0,0,0,0,0
0x1e136,0,0,0,0,0
0xeafd,0,0,0,0,0
0x1a12a,0,0,0,0,0
0x9c73,0,0,0,0,0
0xbd73,0,0,0,0,0
0x405a,0,0,0,0,0
0x1c520,0,0,0,0,0
0x4e68,0,0,0,0,0
0x3ff7,0,0,0,0,0
0x2051c,0,0,0,0,0
0x9977,0,0,0,0,0
0x2343b,0,0,0,0,0
0x254e7,0,0,0,0,0
0x59b4,0,0,0,0,0
0x88c2,0,0,0,0,0
0x9f5a,0,0,0,0,0
0x1a24c,0,0,0,0,0
0xb12c,0,0,0,0,0
0x8033,0,0,0,0,0
0x520f,0,0,0,0,0
0x1f05,0,0,0,0,0
0x1a87c,0,0,0,0,0
0x12b22,0,0,0,0,0
0x11712,0,0,0,0,0
0x19c63,0,0,0,0,0
0x3505,0,0,0,0,0
0x528b,0,0,0,0,0
0x128ee,0,0,0,0,0
0x171a3,0,0,0,0,0
0xc43e,0,0,0,0,0
0x12e02,0,0,0,0,0
0x20485,0,0,0,0,0
0x20131,0,0,0,0,0
0x1563b,0,0,0,0,0
0x20d68,0,0,0,0,0
0x64c2,0,0,0,0,0
0xf64f,0,0,0,0,0
0x24804,0,0,0,0,0
0x144a9,0,0,0,0,0
0x1b8f4,0,0,0,0,0
0x1642f,0,0,0,0,0
0x1d17e,0,0,0,0,0
0x9acf,0,0,0,0,0
0x2540f,0,0,0,0,0
0x6292,0,0,0,0,0
0x1c195,0,0,0,0,0
0xccf0,0,0,0,0,0
0x12a6f,0,0,0,0,0
0x1931e,0,0,0,0,0
0x144ef,0,0,0,0,0
0x7bb0,0,0,0,0,0
0xac03,0,0,0,0,0
0x13db6,0,0,0,0,0
0x14a22,0,0,0,0,0
0x1b37f,0,0,0,0,0
0x1904,0,0,0,0,0
0x24681,0,0,0,0,0
0x11f86,0,0,0,0,0
0x135ec,0,0,0,0,0
0xacd1,0,0,0,0,0
0x1056c,0,0,0,0,0
0x1928d,0,0,0,0,0
0x1c55f,0,0,0,0,0
0x99fc,0,0,0,0,0
0x14e9e,0,0,0,0,0
0x1b4db,0,0,0,0,0
0x119c2,0,0,0,0,0
0x1f123,0,0,0,0,0
0x16e47,0,0,0,0,0
0x9a4a,0,0,0,0,0
0xf6c0,0,0,0,0,0
0x4c96,0,0,0,0,0
0x10972,0,0,0,0,0
0xf164,0,0,0,0,0
0x2f18,0,0,0,0,0
0x6a29,0,0,0,0,0
0xfb62,0,0,0,0,0
0x17832,0,0,0,0,0
0x5b99,0,0,0,0,0
0xc841,0,0,0,0,0
0x651a,0,0,0,0,0
0x200fd,0,0,0,0,0
0xaed6,0,0,0,0,0
0x20b51,0,0,0,0,0
0x236bf,0,0,0,0,0
0x1e20d,0,0,0,0,0
0x12399,0,0,0,0,0
0x244ba,0,0,0,0,0
0xcf1e,0,0,0,0,0
0x9631,0,0,0,0,0
0x5b4b,0,0,0,0,0
0xe76c,0,0,0,0,0
0x1dd14,0,0,0,0,0
0xe62e,0,0,0,0,0
0x22f2b,0,0,0,0,0
0x3721,0,0,0,0,0
0x8670,0,0,0,0,0
0x59fe,0,0,0,0,0
0x1b6d3,0,0,0,0,0
0x2014e,0,0,0,0,0
0x128c5,0,0,0,0,0
0x14a67,0,0,0,0,0
0x2010,0,0,0,0,0
0x22bfb,0,0,0,0,0
0xd367,0,0,0,0,0
0x16356,0,0,0,0,0
0x1fea5,0,0,0,0,0
0x68ac,0,0,0,0,0
0x1df82,0,0,0,0,0
0x255d,0,0,0,0,0
0xe15b,0,0,0,0,0
0x11cef,0,0,0,0,0
0x2048b,0,0,0,0,0
0x1a00b,0,0,0,0,0
0xde53,0,0,0,0,0
0x145c2,0,0,0,0,0
0x8d79,0,0,0,0,0
0x5f33,0,0,0,0,0
0x6dff,0,0,0,0,0
0x14455,0,0,0,0,0
0x1e9b1,0,0,0,0,0
0x21ac6,0,0,0,0,0
0x8803,0,0,0,0,0
0x295e,0,0,0,0,0
0x80f4,0,0,0,0,0
0xba1f,0,0,0,0,0
0x144e0,0,0,0,0,0
0x1586c,0,0,0,0,0
0x23b06,0,0,0,0,0
0x3fb3,0,0,0,0,0
0x1b1f2,0,0,0,0,0
0x165df,0,0,0,0,0
0x174ec,0,0,0,0,0
0x193a0,0,0,0,0,0
0x1cf32,0,0,0,0,0
0x1260a,0,0,0,0,0
0x1a12b,0,0,0,0,0
0x4ddb,0,0,0,0,0
0x1ac9d,0,0,0,0,0
0x5305,0,0,0,0,0
0x374d,0,0,0,0,0
0x14f31,0,0,0,0,0
0x1298e,0,0,0,0,0
0xba97,0,0,0,0,0
0x22d28,0,0,0,0,0
0xf08d,0,0,0,0,0
0x254fa,0,0,0,0,0
0xf3d9,0,0,0,0,0
0x7697,0,0,0,0,0
0x17772,0,0,0,0,0
0x6d04,0,0,0,0,0
0x221d7,0,0,0,0,0
0x4791,0,0,0,0,0
0x1c658,0,0,0,0,0
0x39fc,0,0,0,0,0
0x636c,0,0,0,0,0
0xf39a,0,0,0,0,0
0x761d,0,0,0,0,0
0x1d6d1,0,0,0,0,0
0x2b96,0,0,0,0,0
0x129cc,0,0,0,0,0
0x21aa2,0,0,0,0,0
0x20da9,0,0,0,0,0
0xed61,0,0,0,0,0
0x225b1,0,0,0,0,0
0x21aab,0,0,0,0,0
0x177b2,0,0,0,0,0
0xf020,0,0,0,0,0
0xbdeb,0,0,0,0,0
0x253ce,0,0,0,0,0
0x4e7e,0,0,0,0,0
0x522d,0,0,0,0,0
0x11b38,0,0,0,0,0
0x255d7,0,0,0,0,0
0x10fda,0,0,0,0,0
0xd509,0,0,0,0,0
0x818b,0,0,0,0,0
0x10765,0,0,0,0,0
0x164fd,0,0,0,0,0
0x1b64f,0,0,0,0,0
0xb58b,0,0,0,0,0
0x22c65,0,0,0,0,0
0x11aba,0,0,0,0,0
0x17a91,0,0,0,0,0
0x4f1d,0,0,0,0,0
0xdbfd,0,0,0,0,0
0x15ddc,0,0,0,0,0
0x2471f,0,0,0,0,0
0x19849,0,0,0,0,0
0x5600,0,0,0,0,0
0x1b380,0,0,0,0,0
0xb347,0,0,0,0,0
0x22486,0,0,0,0,0
0x14634,0,0,0,0,0
0x6961,0,0,0,0,0
0x1e80d,0,0,0,0,0
0x1bf37,0,0,0,0,0
0xab66,0,0,0,0,0
0x17985,0,0,0,0,0
0x19004,0,0,0,0,0
0x1c12,0,0,0,0,0
0x1c63e,0,0,0,0,0
0x20a5f,0,0,0,0,0
0x25701,0,0,0,0,0
0x3d26,0,0,0,0,0
0x1b3a,0,0,0,0,0
0x189c6,0,0,0,0,0
0x3bad,0,0,0,0,0
0xd253,0,0,0,0,0
0x9061,0,0,0,0,0
0x7c44,0,0,0,0,0
0x14c8e,0,0,0,0,0
0x2297c,0,0,0,0,0
0x122cb,0,0,0,0,0
0x73a4,0,0,0,0,0
0xbbce,0,0,0,0,0
0x7bba,0,0,0,0,0
0x1ac34,0,0,0,0,0
0x588a,0,0,0,0,0
0x21fa5,0,0,0,0,0
0x100b0,0,0,0,0,0
0xb453,0,0,0,0,0
0xacb1,0,0,0,0,0
0x222fc,0,0,0,0,0
0x14928,0,0,0,0,0
0x154f5,0,0,0,0,0
0x13554,0,0,0,0,0
0xf189,0,0,0,0,0
0x4d3a,0,0,0,0,0
0x2544d,0,0,0,0,0
0xb000,0,0,0,0,0
0x608f,0,0,0,0,0
0xde49,0,0,0,0,0
0xb24d,0,0,0,0,0
0xec01,0,0,0,0,0
0x13251,0,0,0,0,0
0x13c10,0,0,0,0,0
0x7b00,0,0,0,0,0
0x25bec,0,0,0,0,0
0x22548,0,0,0,0,0
0x588d,0,0,0,0,0
0x11b7a,0,0,0,0,0
0x10281,0,0,0,0,0
0xf017,0,0,0,0,0
0x5208,0,0,0,0,0
0x1b858,0,0,0,0,0
0x17240,0,0,0,0,0
0x205c9,0,0,0,0,0
0x1f807,0,0,0,0,0
0xab2c,0,0,0,0,0
0x2019c,0,0,0,0,0
0xab55,0,0,0,0,0
0xdc1a,0,0,0,0,0
0x1f519,0,0,0,0,0
0x19111,0,0,0,0,0
0x16816,0,0,0,0,0
0xe51a,0,0,0,0,0
0x87d3,0,0,0,0,0
0x2036d,0,0,0,0,0
0x1da23,0,0,0,0,0
0x2447d,0,0,0,0,0
0x20f35,0,0,0,0,0
0x134d1,0,0,0,0,0
0x25cd1,0,0,0,0,0
0x1d82c,0,0,0,0,0
0x1bda0,0,0,0,0,0
0x108e5,0,0,0,0,0
0x1bfee,0,0,0,0,0
0xb100,0,0,0,0,0
0x2445,0,0,0,0,0
0x19454,0,0,0,0,0
0xe90a,0,0,0,0,0
0xfb30,0,0,0,0,0
0xe990,0,0,0,0,0
0x1b980,0,0,0,0,0
0x14ce2,0,0,0,0,0
0x2379d,0,0,0,0,0
0x1be5e,0,0,0,0,0
0x1505e,0,0,0,0,0
0xae8d,0,0,0,0,0
0x24403,0,0,0,0,0
0x11482,0,0,0,0,0
0x189fb,0,0,0,0,0
0x2585f,0,0,0,0,0
0x23d8a,0,0,0,0,0
0x190a0,0,0,0,0,0
0x1c5a6,0,0,0,0,0
0xfdc7,0,0,0,0,0
0xd191,0,0,0,0,0
0x1e937,0,0,0,0,0
0x6b32,0,0,0,0,0
0x1d059,0,0,0,0,0
0x9309,0,0,0,0,0
0x1b8b4,0,0,0,0,0
0x11274,0,0,0,0,0
0xab24,0,0,0,0,0
0x13989,0,0,0,0,0
0x207a4,0,0,0,0,0
0xf619,0,0,0,0,0
0x1d114,0,0,0,0,0
0x1ace6,0,0,0,0,0
0x180e3,0,0,0,0,0
0x76c4,0,0,0,0,0
0x178bc,0,0,0,0,0
0x8aaf,0,0,0,0,0
0x19492,0,0,0,0,0
0x1e0a4,0,0,0,0,0
0xa7ff,0,0,0,0,0
0x21a05,0,0,0,0,0
0x1d828,0,0,0,0,0
0x26ce,0,0,0,0,0
0xedbe,0,0,0,0,0
0x25c07,0,0,0,0,0
0xadb3,0,0,0,0,0
0x95c5,0,0,0,0,0
0x1f1da,0,0,0,0,0
0x21939,0,0,0,0,0
0x7171,0,0,0,0,0
0x1dafa,0,0,0,0,0
0x1ff39,0,0,0,0,0
0x23d7e,0,0,0,0,0
0xf92b,0,0,0,0,0
0x138ed,0,0,0,0,0
0xd9a1,0,0,0,0,0
0x6e24,0,0,0,0,0
0x12f3d,0,0,0,0,0
0x17027,0,0,0,0,0
0x5596,0,0,0,0,0
0xfdaf,0,0,0,0,0
0x222d2,0,0,0,0,0
0x825b,0,0,0,0,0
0x7064,0,0,0,0,0
0xb117,0,0,0,0,0
0xa8a7,0,0,0,0,0
0x23de5,0,0,0,0,0
0xe1e0,0,0,0,0,0
0x15ff7,0,0,0,0,0
0x1f987,0,0,0,0,0
0x14ce4,0,0,0,0,0
0xc284,0,0,0,0,0
0xbbbc,0,0,0,0,0
0x519a,0,0,0,0,0
0x8392,0,0,0,0,0
0xb448,0,0,0,0,0
0xeabc,0,0,0,0,0
0x2289c,0,0,0,0,0
0x25e69,0,0,0,0,0
0x18397,0,0,0,0,0
0xd723,0,0,0,0,0
0x1ee1,0,0,0,0,0
0x1a4d5,0,0,0,0,0
0x1a521,0,0,0,0,0
0x5fb4,0,0,0,0,0
0x1c5fc,0,0,0,0,0
0xdd04,0,0,0,0,0
0x14c93,0,0,0,0,0
0x250e,0,0,0,0,0
0xbec2,0,0,0,0,0
0x1704,0,0,0,0,0
0x1fa59,0,0,0,0,0
0x14b7e,0,0,0,0,0
0xc37f,0,0,0,0,0
0x11023,0,0,0,0,0
0x18cc9,0,0,0,0,0
0x8377,0,0,0,0,0
0xed47,0,0,0,0,0
0x1c492,0,0,0,0,0
0x17e94,0,0,0,0,0
0x1742f,0,0,0,0,0
0xa19b,0,0,0,0,0
0x70c7,0,0,0,0,0
0x10577,0,0,0,0,0
0x234a5,0,0,0,0,0
0x12854,0,0,0,0,0
0x8652,0,0,0,0,0
0x1a0e9,0,0,0,0,0
0x16296,0,0,0,0,0
0x2543f,0,0,0,0,0
0x15d68,0,0,0,0,0
0xaebd,0,0,0,0,0
0x16d3,0,0,0,0,0
0x22249,0,0,0,0,0
0x992d,0,0,0,0,0
0x173b3,0,0,0,0,0
0x1b2b3,0,0,0,0,0
0x221b8,0,0,0,0,0
0x188b6,0,0,0,0,0
0x26f1,0,0,0,0,0
0x14755,0,0,0,0,0
0x109ae,0,0,0,0,0
0x10c27,0,0,0,0,0
0x15c73,0,0,0,0,0
0x1c010,0,0,0,0,0
0x8cb3,0,0,0,0,0
0x8ab2,0,0,0,0,0
0x1b762,0,0,0,0,0
0x18e19,0,0,0,0,0
0x11654,0,0,0,0,0
0x8b2a,0,0,0,0,0
0x20d6b,0,0,0,0,0
0x8b4c,0,0,0,0,0
0xfc5c,0,0,0,0,0
0x51ca,0,0,0,0,0
0xf9f1,0,0,0,0,0
0xe301,0,0,0,0,0
0xbfdd,0,0,0,0,0
0xc52f,0,0,0,0,0
0x2b05,0,0,0,0,0
0x1f393,0,0,0,0,0
0x1d0b5,0,0,0,0,0
0xb963,0,0,0,0,0
0x22081,0,0,0,0,0
0x41b8,0,0,0,0,0
0x14863,0,0,0,0,0
0x247ae,0,0,0,0,0
0x59b3,0,0,0,0,0
0x1146b,0,0,0,0,0
0x1c82a,0,0,0,0,0
0x19158,0,0,0,0,0
0x1d901,0,0,0,0,0
0x1fe25,0,0,0,0,0
0x166a4,0,0,0,0,0
0xba14,0,0,0,0,0
0x17cfd,0,0,0,0,0
0xcf80,0,0,0,0,0
0x4e78,0,0,0,0,0
0x7a79,0,0,0,0,0
0x9a36,0,0,0,0,0
0x27c0,0,0,0,0,0
0xc8b2,0,0,0,0,0
0x1c4e6,0,0,0,0,0
0x13988,0,0,0,0,0
0xfa2d,0,0,0,0,0
0xde7e,0,0,0,0,0
0x1c816,0,0,0,0,0
0x6d13,0,0,0,0,0
0x19ee4,0,0,0,0,0
0x77c3,0,0,0,0,0
0xdba6,0,0,0,0,0
0x1e29c,0,0,0,0,0
0x43ac,0,0,0,0,0
0x18770,0,0,0,0,0
0x15225,0,0,0,0,0
0x705b,0,0,0,0,0
0x1a54a,0,0,0,0,0
0xd546,0,0,0,0,0
0x2484b,0,0,0,0,0
0x18c46,0,0,0,0,0
0x19c38,0,0,0,0,0
0x23f25,0,0,0,0,0
0xd10a,0,0,0,0,0
0x13d40,0,0,0,0,0
0x22f98,0,0,0,0,0
0x13746,0,0,0,0,0
0x4680,0,0,0,0,0
0x255d8,0,0,0,0,0
0x230a6,0,0,0,0,0
0x8bf9,0,0,0,0,0
0x16c8b,0,0,0,0,0
0x25483,0,0,0,0,0
0x18e29,0,0,0,0,0
0x14aa4,0,0,0,0,0
0x15e6e,0,0,0,0,0
0x17c60,0,0,0,0,0
0xd4a8,0,0,0,0,0
0x12b9f,0,0,0,0,0
0x6a70,0,0,0,0,0
0xf024,0,0,0,0,0
0x20dc8,0,0,0,0,0
0xcd33,0,0,0,0,0
0x1cbb4,0,0,0,0,0
0x20cee,0,0,0,0,0
0x17749,0,0,0,0,0
0x2353,0,0,0,0,0
0x1a327,0,0,0,0,0
0x16075,0,0,0,0,0
0xb5f8,0,0,0,0,0
0x18d92,0,0,0,0,0
0x22c71,0,0,0,0,0
0x14f4c,0,0,0,0,0
0x11a7e,0,0,0,0,0
0x14478,0,0,0,0,0
0x173b9,0,0,0,0,0
0xfc72,0,0,0,0,0
0x16b12,0,0,0,0,0
0xe55b,0,0,0,0,0
0x9e61,0,0,0,0,0
0x7a27,0,0,0,0,0
0x4642,0,0,0,0,0
0xe6b6,0,0,0,0,0
0x225eb,0,0,0,0,0
0xd969,0,0,0,0,0
0x88ed,0,0,0,0,0
0x24b0,0,0,0,0,0
0x887a,0,0,0,0,0
0x19c8d,0,0,0,0,0
0x103bd,0,0,0,0,0
0x23955,0,0,0,0,0
0x1d634,0,0,0,0,0
0x12bad,0,0,0,0,0
0x23b5b,0,0,0,0,0
0xe49a,0,0,0,0,0
0x11460,0,0,0,0,0
0x24678,0,0,0,0,0
0x42ef,0,0,0,0,0
0x25790,0,0,0,0,0
0x2179f,0,0,0,0,0
0x12291,0,0,0,0,0
0x23b3f,0,0,0,0,0
0xc11c,0,0,0,0,0
0x1ba63,0,0,0,0,0
0x2170f,0,0,0,0,0
0x1cea9,0,0,0,0,0
0x382e,0,0,0,0,0
0xab2b,0,0,0,0,0
0x1ff10,0,0,0,0,0
0x1220f,0,0,0,0,0
0x1cd9e,0,0,0,0,0
0x993c,0,0,0,0,0
0x23610,0,0,0,0,0
0x188fb,0,0,0,0,0
0x16577,0,0,0,0,0
0x11c31,0,0,0,0,0
0x5d23,0,0,0,0,0
0x1f30e,0,0,0,0,0
0x1f0f9,0,0,0,0,0
0x3bc3,0,0,0,0,0
0x248f2,0,0,0,0,0
0x14079,0,0,0,0,0
0x24cca,0,0,0,0,0
0x14e8c,0,0,0,0,0
0x18d8b,0,0,0,0,0
0x11a99,0,0,0,0,0
0x6557,0,0,0,0,0
0x1ef6b,0,0,0,0,0
0x13a83,0,0,0,0,0
0x1ee3e,0,0,0,0,0
0x6e2f,0,0,0,0,0
0x3d05,0,0,0,0,0
0x1fe47,0,0,0,0,0
0xfe7b,0,0,0,0,0
0x38ca,0,0,0,0,0
0x11421,0,0,0,0,0
0x496f,0,0,0,0,0
0x1bb31,0,0,0,0,0
0x231c7,0,0,0,0,0
0x2e1d,0,0,0,0,0
0xd76c,0,0,0,0,0
0x19b2c,0,0,0,0,0
0x23056,0,0,0,0,0
0xdea6,0,0,0,0,0
0x133db,0,0,0,0,0
0x1f0c8,0,0,0,0,0
0x18439,0,0,0,0,0
0x2288a,0,0,0,0,0
0x1dfb8,0,0,0,0,0
0x54f1,0,0,0,0,0
0x1a9b2,0,0,0,0,0
0x3188,0,0,0,0,0
0x7a6d,0,0,0,0,0
0x13d31,0,0,0,0,0
0x15734,0,0,0,0,0
0x20c19,0,0,0,0,0
0x2581f,0,0,0,0,0
0x15e63,0,0,0,0,0
0x14bb7,0,0,0,0,0
0x256f3,0,0,0,0,0
0x205c8,0,0,0,0,0
0xe45a,0,0,0,0,0
0x21fd7,0,0,0,0,0
0x38c0,0,0,0,0,0
0x139b6,0,0,0,0,0
0xee03,0,0,0,0,0
0x10761,0,0,0,0,0
0x16d25,0,0,0,0,0
0x10860,0,0,0,0,0
0x1e504,0,0,0,0,0
0x22f8a,0,0,0,0,0
0xb5f9,0,0,0,0,0
0x19726,0,0,0,0,0
0x6e11,0,0,0,0,0
0x10f58,0,0,0,0,0
0x1fae5,0,0,0,0,0
0x218ab,0,0,0,0,0
0x1cc57,0,0,0,0,0
0x191f1,0,0,0,0,0
0x1c910,0,0,0,0,0
0xbe92,0,0,0,0,0
0x11472,0,0,0,0,0
0xd315,0,0,0,0,0
0xd9a2,0,0,0,0,0
0x2987,0,0,0,0,0
0x116da,0,0,0,0,0
0xdc8c,0,0,0,0,0
0x19eee,0,0,0,0,0
0x7fdf,0,0,0,0,0
0xa70e,0,0,0,0,0
0xb122,0,0,0,0,0
0x2400c,0,0,0,0,0
0x10027,0,0,0,0,0
0x239d8,0,0,0,0,0
0x7b3b,0,0,0,0,0
0xd441,0,0,0,0,0
0x9d8c,0,0,0,0,0
0x11cb4,0,0,0,0,0
0x9559,0,0,0,0,0
0x5e56,0,0,0,0,0
0x14514,0,0,0,0,0
0x2aa4,0,0,0,0,0
0x10212,0,0,0,0,0
0x2327c,0,0,0,0,0
0x25e6a,0,0,0,0,0
0x864b,0,0,0,0,0
0xf47b,0,0,0,0,0
0x197f0,0,0,0,0,0
0x6f3c,0,0,0,0,0
0x1c231,0,0,0,0,0
0x210cd,0,0,0,0,0
0xfb24,0,0,0,0,0
0x249fa,0,0,0,0,0
0x24a33,0,0,0,0,0
0x2dd6,0,0,0,0,0
0x1cfcf,0,0,0,0,0
0x19e97,0,0,0,0,0
0x1fa7d,0,0,0,0,0
0x34bb,0,0,0,0,0
0x3da0,0,0,0,0,0
0xb8cf,0,0,0,0,0
0x25131,0,0,0,0,0
0x1bc44,0,0,0,0,0
0x17288,0,0,0,0,0
0x15c91,0,0,0,0,0
0x22ba,0,0,0,0,0
0x25967,0,0,0,0,0
0x67d5,0,0,0,0,0
0x1dcb,0,0,0,0,0
0x5a8f,0,0,0,0,0
0x5a60,0,0,0,0,0
0x153f0,0,0,0,0,0
0x1bec,0,0,0,0,0
0x474d,0,0,0,0,0
0x1ff42,0,0,0,0,0
0x3937,0,0,0,0,0
0x256c3,0,0,0,0,0
0x1776,0,0,0,0,0
0xdfb6,0,0,0,0,0
0x1422a,0,0,0,0,0
0x20fb,0,0,0,0,0
0x5e73,0,0,0,0,0
0x2677,0,0,0,0,0
0x17ebb,0,0,0,0,0
0xfc14,0,0,0,0,0
0x18b79,0,0,0,0,0
0x14143,0,0,0,0,0
0x13899,0,0,0,0,0
0x20901,0,0,0,0,0
0xe8c6,0,0,0,0,0
0x1ef81,0,0,0,0,0
0x19299,0,0,0,0,0
0x2492c,0,0,0,0,0
0x37de,0,0,0,0,0
0xcaf5,0,0,0,0,0
0x1292c,0,0,0,0,0
0x1c7ca,0,0,0,0,0
0x2323,0,0,0,0,0
0x110e2,0,0,0,0,0
0x9247,0,0,0,0,0
0xaf12,0,0,0,0,0
0x1118a,0,0,0,0,0
0x6a80,0,0,0,0,0
0x9fd9,0,0,0,0,0
0x110ff,0,0,0,0,0
0x1a0f5,0,0,0,0,0
0x124ce,0,0,0,0,0
0x22041,0,0,0,0,0
0xe9f2,0,0,0,0,0
0x4b9d,0,0,0,0,0
0x3189,0,0,0,0,0
0x884b,0,0,0,0,0
0xc620,0,0,0,0,0
0x31b6,0,0,0,0,0
0xfb3c,0,0,0,0,0
0x1d84,0,0,0,0,0
0x8391,0,0,0,0,0
0x1965c,0,0,0,0,0
0x2084d,0,0,0,0,0
0x1a98f,0,0,0,0,0
0x1c5a7,0,0,0,0,0
0xc6a4,0,0,0,0,0
0xdd53,0,0,0,0,0
0xcf31,0,0,0,0,0
0x19118,0,0,0,0,0
0x2b98,0,0,0,0,0
0x1485a,0,0,0,0,0
0x193c9,0,0,0,0,0
0x15c96,0,0,0,0,0
0x22431,0,0,0,0,0
0xfa7c,0,0,0,0,0
0x10658,0,0,0,0,0
0xeefe,0,0,0,0,0
0x9773,0,0,0,0,0
0x2049a,0,0,0,0,0
0xab39,0,0,0,0,0
0x11b4d,0,0,0,0,0
0xb97d,0,0,0,0,0
0xb4a3,0,0,0,0,0
0x14979,0,0,0,0,0
0x1bbcf,0,0,0,0,0
0x1e3eb,0,0,0,0,0
0x17955,0,0,0,0,0
0x2032e,0,0,0,0,0
0x22c43,0,0,0,0,0
0x11fd6,0,0,0,0,0
0x46f5,0,0,0,0,0
0x1e399,0,0,0,0,0
0x11033,0,0,0,0,0
0x25d0d,0,0,0,0,0
0x2307c,0,0,0,0,0
0x321b,0,0,0,0,0
0x12adc,0,0,0,0,0
0x1fa2e,0,0,0,0,0
0x60e2,0,0,0,0,0
0x7bcc,0,0,0,0,0
0x8f90,0,0,0,0,0
0x2200f,0,0,0,0,0
0xd6a0,0,0,0,0,0
0x6560,0,0,0,0,0
0x1a2c2,0,0,0,0,0
0x6f15,0,0,0,0,0
0x19e8a,0,0,0,0,0
0x7b9a,0,0,0,0,0
0x62fc,0,0,0,0,0
0xdf71,0,0,0,0,0
0x3016,0,0,0,0,0
0x19e9a,0,0,0,0,0
0xf48d,0,0,0,0,0
0x1299a,0,0,0,0,0
0x19bbb,0,0,0,0,0
0x76f6,0,0,0,0,0
0x225d8,0,0,0,0,0
0x182fd,0,0,0,0,0
0x1b2e4,0,0,0,0,0
0x1a624,0,0,0,0,0
0x11117,0,0,0,0,0
0x72e2,0,0,0,0,0
0x14eec,0,0,0,0,0
0x11fdd,0,0,0,0,0
0xe9d0,0,0,0,0,0
0x1ed7b,0,0,0,0,0
0x1ea8a,0,0,0,0,0
0x1637e,0,0,0,0,0
0x1b264,0,0,0,0,0
0x6f51,0,0,0,0,0
0x2482e,0,0,0,0,0
0x765b,0,0,0,0,0
0x2484,0,0,0,0,0
0x6f01,0,0,0,0,0
0x657b,0,0,0,0,0
0xcc75,0,0,0,0,0
0xdbde,0,0,0,0,0
0x25ea7,0,0,0,0,0
0x18e6a,0,0,0,0,0
0x8100,0,0,0,0,0
0x15413,0,0,0,0,0
0x21ee3,0,0,0,0,0
0xc870,0,0,0,0,0
0xdcf6,0,0,0,0,0
0x1c1f5,0,0,0,0,0
0x1b402,0,0,0,0,0
0x23fd0,0,0,0,0,0
0xcb70,0,0,0,0,0
0x28aa,0,0,0,0,0
0x19dfa,0,0,0,0,0
0x1db7d,0,0,0,0,0
0x20232,0,0,0,0,0
0x554b,0,0,0,0,0
0xeb1f,0,0,0,0,0
0xaf65,0,0,0,0,0
0x1fb67,0,0,0,0,0
0x257e8,0,0,0,0,0
0x21361,0,0,0,0,0
0x5304,0,0,0,0,0
0x1587b,0,0,0,0,0
0xceb3,0,0,0,0,0
0x5d9b,0,0,0,0,0
0x25d4d,0,0,0,0,0
0x15e90,0,0,0,0,0
0x3415,0,0,0,0,0
0x240a7,0,0,0,0,0
0x1e35c,0,0,0,0,0
0x201f0,0,0,0,0,0
0x25b0a,0,0,0,0,0
0x16d48,0,0,0,0,0
0x90f6,0,0,0,0,0
0x175cf,0,0,0,0,0
0x422a,0,0,0,0,0
0x143cd,0,0,0,0,0
0x24be5,0,0,0,0,0
0x1cdcf,0,0,0,0,0
0x12b4d,0,0,0,0,0
0x16e76,0,0,0,0,0
0x1fda,0,0,0,0,0
0x18286,0,0,0,0,0
0x16afd,0,0,0,0,0
0x2165c,0,0,0,0,0
0x17649,0,0,0,0,0
0x233ac,0,0,0,0,0
0x7885,0,0,0,0,0
0x252a4,0,0,0,0,0
0x1b2cc,0,0,0,0,0
0x3c51,0,0,0,0,0
0x21bd7,0,0,0,0,0
0x5b08,0,0,0,0,0
0x6ca7,0,0,0,0,0
0x23a23,0,0,0,0,0
0x2463d,0,0,0,0,0
0x104e8,0,0,0,0,0
0x2044e,0,0,0,0,0
0x754e,0,0,0,0,0
0x53e6,0,0,0,0,0
0x229b6,0,0,0,0,0
0xbcc0,0,0,0,0,0
0x95fb,0,0,0,0,0
0x5ab4,0,0,0,0,0
0xa7d0,0,0,0,0,0
0x1ef79,0,0,0,0,0
0x1ebe8,0,0,0,0,0
0x102af,0,0,0,0,0
0xf85e,0,0,0,0,0
0x1441f,0,0,0,0,0
0x1bb47,0,0,0,0,0
0x190c3,0,0,0,0,0
0x3d80,0,0,0,0,0
0x9fbe,0,0,0,0,0
0x24e9c,0,0,0,0,0
0x41a7,0,0,0,0,0
0x236c5,0,0,0,0,0
0x1c765,0,0,0,0,0
0x1da99,0,0,0,0,0
0x1097b,0,0,0,0,0
0x191da,0,0,0,0,0
0x511e,0,0,0,0,0
0x9a04,0,0,0,0,0
0x1e823,0,0,0,0,0
0x116d0,0,0,0,0,0
0x114f8,0,0,0,0,0
0x5264,0,0,0,0,0
0xa27e,0,0,0,0,0
0x21c25,0,0,0,0,0
0x10efd,0,0,0,0,0
0xae9a,0,0,0,0,0
0xb92e,0,0,0,0,0
0x10f1a,0,0,0,0,0
0x24019,0,0,0,0,0
0x22896,0,0,0,0,0
0x138ba,0,0,0,0,0
0x3bb8,0,0,0,0,0
0x9b94,0,0,0,0,0
0x15142,0,0,0,0,0
0x24d32,0,0,0,0,0
0xe5a2,0,0,0,0,0
0x19c10,0,0,0,0,0
0xd0c8,0,0,0,0,0
0x1ce06,0,0,0,0,0
0x1f4d0,0,0,0,0,0
0xfeb8,0,0,0,0,0
0x14473,0,0,0,0,0
0x7320,0,0,0,0,0
0x16f1c,0,0,0,0,0
0xbbec,0,0,0,0,0
0x407f,0,0,0,0,0
0x249fc,0,0,0,0,0
0x196f3,0,0,0,0,0
0x2193c,0,0,0,0,0
0x4670,0,0,0,0,0
0x18d09,0,0,0,0,0
0xec27,0,0,0,0,0
0x8cad,0,0,0,0,0
0x16596,0,0,0,0,0
0x18c6d,0,0,0,0,0
0x23ff3,0,0,0,0,0
0x8679,0,0,0,0,0
0x1fae7,0,0,0,0,0
0x24b57,0,0,0,0,0
0x19304,0,0,0,0,0
0x18919,0,0,0,0,0
0x8959,0,0,0,0,0
0x20324,0,0,0,0,0
0x4273,0,0,0,0,0
0x25261,0,0,0,0,0
0xeeb9,0,0,0,0,0
0x176a,0,0,0,0,0
0x14e5c,0,0,0,0,0
0x3669,0,0,0,0,0
0x12c49,0,0,0,0,0
0x13457,0,0,0,0,0
0x17da3,0,0,0,0,0
0x2392f,0,0,0,0,0
0x11182,0,0,0,0,0
0x211ba,0,0,0,0,0
0x1661c,0,0,0,0,0
0x105b3,0,0,0,0,0
0x1b02e,0,0,0,0,0
0xc5cf,0,0,0,0,0
0x222f7,0,0,0,0,0
0x251e5,0,0,0,0,0
0x4d30,0,0,0,0,0
0x11fd9,0,0,0,0,0
0x1da0,0,0,0,0,0
0x1151d,0,0,0,0,0
0x4d88,0,0,0,0,0
0x2382,0,0,0,0,0
0x21257,0,0,0,0,0
0x1ff5d,0,0,0,0,0
0x19e44,0,0,0,0,0
0x4f42,0,0,0,0,0
0x1910f,0,0,0,0,0
0x10dfa,0,0,0,0,0
0x14beb,0,0,0,0,0
0xa76b,0,0,0,0,0
0xabea,0,0,0,0,0
0x1061b,0,0,0,0,0
0x28b9,0,0,0,0,0
0xb3e2,0,0,0,0,0
0x1dded,0,0,0,0,0
0x9fd3,0,0,0,0,0
0x1bbcc,0,0,0,0,0
0x1d88d,0,0,0,0,0
0x24dc9,0,0,0,0,0
0x257cf,0,0,0,0,0
0x80e5,0,0,0,0,0
0x1a258,0,0,0,0,0
0x24f1f,0,0,0,0,0
0x17603,0,0,0,0,0
0x128b8,0,0,0,0,0
0x4d0b,0,0,0,0,0
0x23627,0,0,0,0,0
0x18b5f,0,0,0,0,0
0x1c104,0,0,0,0,0
0x16476,0,0,0,0,0
0x1ad82,0,0,0,0,0
0x1fa35,0,0,0,0,0
0x13fad,0,0,0,0,0
0x12877,0,0,0,0,0
0x19ba9,0,0,0,0,0
0x24262,0,0,0,0,0
0x2c4a,0,0,0,0,0
0xc5cb,0,0,0,0,0
0x1dc34,0,0,0,0,0
0x9426,0,0,0,0,0
0x2e1b,0,0,0,0,0
0x1e141,0,0,0,0,0
0x84a4,0,0,0,0,0
0x19aa6,0,0,0,0,0
0x18a73,0,0,0,0,0
0x4837,0,0,0,0,0
0x160df,0,0,0,0,0
0x15022,0,0,0,0,0
0x16aa0,0,0,0,0,0
0x13686,0,0,0,0,0
0x16028,0,0,0,0,0
0xe232,0,0,0,0,0
0x2205,0,0,0,0,0
0x2336c,0,0,0,0,0
0xdd54,0,0,0,0,0
0x1c7c4,0,0,0,0,0
0x1f659,0,0,0,0,0
0x1ade4,0,0,0,0,0
0x60b1,0,0,0,0,0
0x8625,0,0,0,0,0
0xbfa6,0,0,0,0,0
0x16a86,0,0,0,0,0
0x1fb8,0,0,0,0,0
0xdf64,0,0,0,0,0
0xf0eb,0,0,0,0,0
0x200cd,0,0,0,0,0
0x1f5f1,0,0,0,0,0
0xd9f4,0,0,0,0,0
0x60c1,0,0,0,0,0
0x22e01,0,0,0,0,0
0x762c,0,0,0,0,0
0x4fc3,0,0,0,0,0
0xc8f0,0,0,0,0,0
0x100ad,0,0,0,0,0
0x15558,0,0,0,0,0
0xec2f,0,0,0,0,0
0x17454,0,0,0,0,0
0x1cba9,0,0,0,0,0
0x18648,0,0,0,0,0
0xdc87,0,0,0,0,0
0x134d0,0,0,0,0,0
0x2f71,0,0,0,0,0
0x2aaf,0,0,0,0,0
0x1ead2,0,0,0,0,0
0x1355a,0,0,0,0,0
0x248e9,0,0,0,0,0
0x1d76d,0,0,0,0,0
0x19830,0,0,0,0,0
0x17eb7,0,0,0,0,0
0x157ab,0,0,0,0,0
0x20cb2,0,0,0,0,0
0x18c2d,0,0,0,0,0
0x3194,0,0,0,0,0
0x234de,0,0,0,0,0
0xa110,0,0,0,0,0
0xbbe8,0,0,0,0,0
0x2312c,0,0,0,0,0
0x1ddd7,0,0,0,0,0
0x9f77,0,0,0,0,0
0x6b60,0,0,0,0,0
0xc23f,0,0,0,0,0
0x1eac2,0,0,0,0,0
0xed55,0,0,0,0,0
0x17169,0,0,0,0,0
0xe7d5,0,0,0,0,0
0x145c5,0,0,0,0,0
0xe8a4,0,0,0,0,0
0x6ab8,0,0,0,0,0
0x1f92,0,0,0,0,0
0xc5bf,0,0,0,0,0
0x1f245,0,0,0,0,0
0x16dd6,0,0,0,0,0
0x1c274,0,0,0,0,0
0x8b6e,0,0,0,0,0
0x236a9,0,0,0,0,0
0x1a056,0,0,0,0,0
0x1eed,0,0,0,0,0
0xdafc,0,0,0,0,0
0xea0c,0,0,0,0,0
0x12e57,0,0,0,0,0
0x21b3e,0,0,0,0,0
0x19867,0,0,0,0,0
0x1a9d6,0,0,0,0,0
0x50db,0,0,0,0,0
0x19602,0,0,0,0,0
0x209c4,0,0,0,0,0
0x17840,0,0,0,0,0
0x1eb34,0,0,0,0,0
0x1619d,0,0,0,0,0
0x18f14,0,0,0,0,0
0x18ccb,0,0,0,0,0
0x1773d,0,0,0,0,0
0x25658,0,0,0,0,0
0xcf6b,0,0,0,0,0
0x19dc,0,0,0,0,0
0x154af,0,0,0,0,0
0x8b4b,0,0,0,0,0
0x7c4b,0,0,0,0,0
0x11b5a,0,0,0,0,0
0x3b77,0,0,0,0,0
0x2240e,0,0,0,0,0
0xa5c8,0,0,0,0,0
0x115f6,0,0,0,0,0
0xa8a2,0,0,0,0,0
0x24577,0,0,0,0,0
0x5896,0,0,0,0,0
0xe0a6,0,0,0,0,0
0x102d9,0,0,0,0,0
0x169a2,0,0,0,0,0
0x13567,0,0,0,0,0
0xb8de,0,0,0,0,0
0x1f0d3,0,0,0,0,0
0x1dbf3,0,0,0,0,0
0x16d0f,0,0,0,0,0
0xa1e8,0,0,0,0,0
0x1cf28,0,0,0,0,0
0xa7ce,0,0,0,0,0
0x1d574,0,0,0,0,0
0x2be1,0,0,0,0,0
0x20761,0,0,0,0,0
0x15bc4,0,0,0,0,0
0x19675,0,0,0,0,0
0x158e4,0,0,0,0,0
0x1dd0c,0,0,0,0,0
0x23f00,0,0,0,0,0
0x1a881,0,0,0,0,0
0x1a239,0,0,0,0,0
0x1d6c0,0,0,0,0,0
0x24a9f,0,0,0,0,0
0x1fa6a,0,0,0,0,0
0x14a30,0,0,0,0,0
0xd4ff,0,0,0,0,0
0x227fe,0,0,0,0,0
0x13572,0,0,0,0,0
0x1c1fc,0,0,0,0,0
0x2131e,0,0,0,0,0
0xf90c,0,0,0,0,0
0x219bd,0,0,0,0,0
0x7783,0,0,0,0,0
0x1c9af,0,0,0,0,0
0xf259,0,0,0,0,0
0x3859,0,0,0,0,0
0x10f1b,0,0,0,0,0
0x25f74,0,0,0,0,0
0x4fdb,0,0,0,0,0
0x93ec,0,0,0,0,0
0x182c4,0,0,0,0,0
0xf98d,0,0,0,0,0
0x9645,0,0,0,0,0
0x6e8f,0,0,0,0,0
0x1f4ac,0,0,0,0,0
0xd53b,0,0,0,0,0
0xd246,0,0,0,0,0
0x124a4,0,0,0,0,0
0x61d4,0,0,0,0,0
0xcc69,0,0,0,0,0
0x15ad1,0,0,0,0,0
0xd4fc,0,0,0,0,0
0x10e3c,0,0,0,0,0
0x17f54,0,0,0,0,0
0x1c728,0,0,0,0,0
0x5716,0,0,0,0,0
0xb450,0,0,0,0,0
0x10d58,0,0,0,0,0
0xbeda,0,0,0,0,0
0x15270,0,0,0,0,0
0x1e4f6,0,0,0,0,0
0x920a,0,0,0,0,0
0x1985f,0,0,0,0,0
0x189a9,0,0,0,0,0
0x7cc8,0,0,0,0,0
0x15eb8,0,0,0,0,0
0x9b6e,0,0,0,0,0
0x13110,0,0,0,0,0
0x131d0,0,0,0,0,0
0x1070c,0,0,0,0,0
0x1cc1f,0,0,0,0,0
0xf4b0,0,0,0,0,0
0x2d16,0,0,0,0,0
0x182f,0,0,0,0,0
0x81ea,0,0,0,0,0
0x13a40,0,0,0,0,0
0x14c05,0,0,0,0,0
0xec65,0,0,0,0,0
0x22995,0,0,0,0,0
0x217f8,0,0,0,0,0
0x1c24e,0,0,0,0,0
0x48c1,0,0,0,0,0
0x1103d,0,0,0,0,0
0x25821,0,0,0,0,0
0x6684,0,0,0,0,0
0x1f6a3,0,0,0,0,0
0x18523,0,0,0,0,0
0xe1af,0,0,0,0,0
0x176ac,0,0,0,0,0
0x1cc43,0,0,0,0,0
0xa2b3,0,0,0,0,0
0x17833,0,0,0,0,0
0x1c920,0,0,0,0,0
0x8d81,0,0,0,0,0
0xe7bc,0,0,0,0,0
0x1b622,0,0,0,0,0
0x1c7cd,0,0,0,0,0
0x1384e,0,0,0,0,0
0x2866,0,0,0,0,0
0xfefc,0,0,0,0,0
0x6144,0,0,0,0,0
0xbaaf,0,0,0,0,0
0x1ae94,0,0,0,0,0
0x3541,0,0,0,0,0
0x24ac2,0,0,0,0,0
0x19940,0,0,0,0,0
0x1c79f,0,0,0,0,0
0x2b13,0,0,0,0,0
0x13f35,0,0,0,0,0
0x14288,0,0,0,0,0
0x305a,0,0,0,0,0
0xd7c5,0,0,0,0,0
0x225cb,0,0,0,0,0
0xfa6e,0,0,0,0,0
0x208d2,0,0,0,0,0
0x1f905,0,0,0,0,0
0x7b3a,0,0,0,0,0
0x12901,0,0,0,0,0
0x5867,0,0,0,0,0
0x213a3,0,0,0,0,0
0x10eb2,0,0,0,0,0
0x30c8,0,0,0,0,0
0x86e3,0,0,0,0,0
0x1ab0e,0,0,0,0,0
0x12f15,0,0,0,0,0
0xf345,0,0,0,0,0
0x16eef,0,0,0,0,0
0xb241,0,0,0,0,0
0x21936,0,0,0,0,0
0x7485,0,0,0,0,0
0x95aa,0,0,0,0,0
0x131b8,0,0,0,0,0
0xd66e,0,0,0,0,0
0x96eb,0,0,0,0,0
0x1fcff,0,0,0,0,0
0x7aa1,0,0,0,0,0
0x9d44,0,0,0,0,0
0x1fc29,0,0,0,0,0
0x10216,0,0,0,0,0
0x79ae,0,0,0,0,0
0x10ed2,0,0,0,0,0
0x11c3a,0,0,0,0,0
0x137a0,0,0,0,0,0
0x30fb,0,0,0,0,0
0xd5b3,0,0,0,0,0
0xa702,0,0,0,0,0
0x134dc,0,0,0,0,0
0x1d7f8,0,0,0,0,0
0x201cb,0,0,0,0,0
0x1c4b7,0,0,0,0,0
0x6f9a,0,0,0,0,0
0x1f9dc,0,0,0,0,0
0x1dfa8,0,0,0,0,0
0x203c3,0,0,0,0,0
0x219e2,0,0,0,0,0
0x1977d,0,0,0,0,0
0xf3a7,0,0,0,0,0
0x450d,0,0,0,0,0
0x182f4,0,0,0,0,0
0xa65d,0,0,0,0,0
0x235e0,0,0,0,0,0
0x9c99,0,0,0,0,0
0x1d5f9,0,0,0,0,0
0x2fcd,0,0,0,0,0
0x1a4b2,0,0,0,0,0
0x14327,0,0,0,0,0
0x1694b,0,0,0,0,0
0x1aa69,0,0,0,0,0
0x1e0a5,0,0,0,0,0
0x18d9,0,0,0,0,0
0x1879,0,0,0,0,0
0x2583d,0,0,0,0,0
0x87d8,0,0,0,0,0
0x13d84,0,0,0,0,0
0x14716,0,0,0,0,0
0x10005,0,0,0,0,0
0x144ba,0,0,0,0,0
0x1a565,0,0,0,0,0
0x1eb60,0,0,0,0,0
0x6a35,0,0,0,0,0
0x1e824,0,0,0,0,0
0x12c83,0,0,0,0,0
0x2125f,0,0,0,0,0
0xd5bf,0,0,0,0,0
0x905c,0,0,0,0,0
0x1c9e6,0,0,0,0,0
0x16b96,0,0,0,0,0
0x102be,0,0,0,0,0
0x7194,0,0,0,0,0
0x1fec,0,0,0,0,0
0x922e,0,0,0,0,0
0xbe2c,0,0,0,0,0
0x1862c,0,0,0,0,0
0x7d65,0,0,0,0,0
0x12006,0,0,0,0,0
0x8c6e,0,0,0,0,0
0xf090,0,0,0,0,0
0x23782,0,0,0,0,0
0x5227,0,0,0,0,0
0x2e20,0,0,0,0,0
0xeab4,0,0,0,0,0
0xc715,0,0,0,0,0
0x183cd,0,0,0,0,0
0xe057,0,0,0,0,0
0x1e6c8,0,0,0,0,0
0x909c,0,0,0,0,0
0x842b,0,0,0,0,0
0x1c34e,0,0,0,0,0
0xbdbe,0,0,0,0,0
0x1a9ad,0,0,0,0,0
0x15ae6,0,0,0,0,0
0x1ca3b,0,0,0,0,0
0x14f86,0,0,0,0,0
0x8d6a,0,0,0,0,0
0x7bd6,0,0,0,0,0
0x13543,0,0,0,0,0
0x12451,0,0,0,0,0
0x3739,0,0,0,0,0
0xc3e4,0,0,0,0,0
0x3794,0,0,0,0,0
0x10b72,0,0,0,0,0
0x40e9,0,0,0,0,0
0xb5c7,0,0,0,0,0
0x10a8e,0,0,0,0,0
0x18527,0,0,0,0,0
0x1ce43,0,0,0,0,0
0x1adc0,0,0,0,0,0
0x735b,0,0,0,0,0
0x17986,0,0,0,0,0
0x42e0,0,0,0,0,0
0xd899,0,0,0,0,0
0x12d73,0,0,0,0,0
0x8190,0,0,0,0,0
0x1dc6d,0,0,0,0,0
0x13cba,0,0,0,0,0
0xebc2,0,0,0,0,0
0x19db8,0,0,0,0,0
0x2f82,0,0,0,0,0
0x2af8,0,0,0,0,0
0x181f3,0,0,0,0,0
0xa525,0,0,0,0,0
0x13164,0,0,0,0,0
0x164b2,0,0,0,0,0
0x129ec,0,0,0,0,0
0xdf41,0,0,0,0,0
0x1cdfd,0,0,0,0,0
0xafde,0,0,0,0,0
0x878e,0,0,0,0,0
0x2175,0,0,0,0,0
0xf2c4,0,0,0,0,0
0x76ce,0,0,0,0,0
0x1d6f2,0,0,0,0,0
0x22374,0,0,0,0,0
0xd306,0,0,0,0,0
0x1bd8d,0,0,0,0,0
0x1ee88,0,0,0,0,0
0x8f3a,0,0,0,0,0
0xdcd1,0,0,0,0,0
0x1e04e,0,0,0,0,0
0x184f,0,0,0,0,0
0x13ed3,0,0,0,0,0
0x17a8d,0,0,0,0,0
0x4fe0,0,0,0,0,0
0x1cbb1,0,0,0,0,0
0x1b10f,0,0,0,0,0
0x17ce4,0,0,0,0,0
0xb655,0,0,0,0,0
0x1f936,0,0,0,0,0
0x1d452,0,0,0,0,0
0xd7b3,0,0,0,0,0
0x19c2b,0,0,0,0,0
0x11e7e,0,0,0,0,0
0x23c3c,0,0,0,0,0
0xfe25,0,0,0,0,0
0xc7f6,0,0,0,0,0
0x13ee3,0,0,0,0,0
0x2e62,0,0,0,0,0
0x818d,0,0,0,0,0
0x14437,0,0,0,0,0
0x2327b,0,0,0,0,0
0xf5ad,0,0,0,0,0
0x11f56,0,0,0,0,0
0x740f,0,0,0,0,0
0xe8bb,0,0,0,0,0
0x24a0e,0,0,0,0,0
0x1b195,0,0,0,0,0
0x1e5ff,0,0,0,0,0
0xcecb,0,0,0,0,0
0x13c05,0,0,0,0,0
0x1b226,0,0,0,0,0
0x206b9,0,0,0,0,0
0x19f06,0,0,0,0,0
0xf549,0,0,0,0,0
0xbe88,0,0,0,0,0
0x1dde2,0,0,0,0,0
0x1a56,0,0,0,0,0
0x21d93,0,0,0,0,0
0x208ae,0,0,0,0,0
0x1bd38,0,0,0,0,0
0x1ab04,0,0,0,0,0
0x225bb,0,0,0,0,0
0x1f0f7,0,0,0,0,0
0xeaae,0,0,0,0,0
0x78f8,0,0,0,0,0
0x11abe,0,0,0,0,0
0x21c78,0,0,0,0,0
0x1412b,0,0,0,0,0
0x1ab42,0,0,0,0,0
0x182bf,0,0,0,0,0
0x22ef6,0,0,0,0,0
0x7bbc,0,0,0,0,0
0x1c29d,0,0,0,0,0
0x1b9bd,0,0,0,0,0
0x1dbb1,0,0,0,0,0
0x14e05,0,0,0,0,0
0x1aad3,0,0,0,0,0
0xdc4a,0,0,0,0,0
0x6660,0,0,0,0,0
0x17bec,0,0,0,0,0
0x1248b,0,0,0,0,0
0x15adc,0,0,0,0,0
0x1331f,0,0,0,0,0
0xce92,0,0,0,0,0
0x9a57,0,0,0,0,0
0x11a47,0,0,0,0,0
0xf548,0,0,0,0,0
0x1e1b6,0,0,0,0,0
0x2fc2,0,0,0,0,0
0xab07,0,0,0,0,0
0x1420f,0,0,0,0,0
0x1b1a5,0,0,0,0,0
0xeb6f,0,0,0,0,0
0x2484c,0,0,0,0,0
0x11f2e,0,0,0,0,0
0x1e4c9,0,0,0,0,0
0xb6e2,0,0,0,0,0
0x1898f,0,0,0,0,0
0x7d01,0,0,0,0,0
0x1e2c4,0,0,0,0,0
0x1f958,0,0,0,0,0
0x21f3a,0,0,0,0,0
0x1b32b,0,0,0,0,0
0x6823,0,0,0,0,0
0x2051e,0,0,0,0,0
0x1bf6c,0,0,0,0,0
0x19acd,0,0,0,0,0
0x161f1,0,0,0,0,0
0xfeb2,0,0,0,0,0
0x1383d,0,0,0,0,0
0x7488,0,0,0,0,0
0x27af,0,0,0,0,0
0x3083,0,0,0,0,0
0xd21e,0,0,0,0,0
0xffb4,0,0,0,0,0
0x1b469,0,0,0,0,0
0x1994a,0,0,0,0,0
0x16de7,0,0,0,0,0
0x1364a,0,0,0,0,0
0x185b7,0,0,0,0,0
0xeca0,0,0,0,0,0
0x31f2,0,0,0,0,0
0x13b2e,0,0,0,0,0
0x174c9,0,0,0,0,0
0x12290,0,0,0,0,0
0xb537,0,0,0,0,0
0xa78f,0,0,0,0,0
0xb51d,0,0,0,0,0
0xb564,0,0,0,0,0
0x213d5,0,0,0,0,0
0xe8ab,0,0,0,0,0
0x1c46c,0,0,0,0,0
0xec23,0,0,0,0,0
0xc6cd,0,0,0,0,0
0x86be,0,0,0,0,0
0x57ea,0,0,0,0,0
0xdc58,0,0,0,0,0
0xa25c,0,0,0,0,0
0x829f,0,0,0,0,0
0x24a3f,0,0,0,0,0
0x2623,0,0,0,0,0
0x214eb,0,0,0,0,0
0x5a83,0,0,0,0,0
0x190ac,0,0,0,0,0
0x1bf17,0,0,0,0,0
0x3090,0,0,0,0,0
0x9017,0,0,0,0,0
0xa1b6,0,0,0,0,0
0x24ae0,0,0,0,0,0
0x13659,0,0,0,0,0
0x16148,0,0,0,0,0
0x16dbe,0,0,0,0,0
0x1c636,0,0,0,0,0
0xc8cf,0,0,0,0,0
0x11328,0,0,0,0,0
0x1bdbd,0,0,0,0,0
0x11c93,0,0,0,0,0
0x16c1c,0,0,0,0,0
0x7605,0,0,0,0,0
0x1b262,0,0,0,0,0
0xf50f,0,0,0,0,0
0x4d32,0,0,0,0,0
0x14654,0,0,0,0,0
0x257c3,0,0,0,0,0
0x13608,0,0,0,0,0
0x12a69,0,0,0,0,0
0x13c68,0,0,0,0,0
0x18378,0,0,0,0,0
0x13522,0,0,0,0,0
0xc74c,0,0,0,0,0
0xd158,0,0,0,0,0
0xbaa5,0,0,0,0,0
0x21bfe,0,0,0,0,0
0xaa2e,0,0,0,0,0
0x25e38,0,0,0,0,0
0x9571,0,0,0,0,0
0x3c0d,0,0,0,0,0
0x56a7,0,0,0,0,0
0x17c9d,0,0,0,0,0
0xc582,0,0,0,0,0
0x783c,0,0,0,0,0
0x45a2,0,0,0,0,0
0x158f0,0,0,0,0,0
0x25f9,0,0,0,0,0
0x1b252,0,0,0,0,0
0xde00,0,0,0,0,0
0x5b80,0,0,0,0,0
0x213f1,0,0,0,0,0
0x23688,0,0,0,0,0
0x12968,0,0,0,0,0
0x3ca3,0,0,0,0,0
0xfa92,0,0,0,0,0
0x8663,0,0,0,0,0
0x11f4c,0,0,0,0,0
0x4b7e,0,0,0,0,0
0x40bd,0,0,0,0,0
0x5212,0,0,0,0,0
0x1b8fe,0,0,0,0,0
0x1241e,0,0,0,0,0
0x9655,0,0,0,0,0
0xd1ac,0,0,0,0,0
0x16748,0,0,0,0,0
0x1ad8e,0,0,0,0,0
0x1f97b,0,0,0,0,0
0x1a562,0,0,0,0,0
0x17121,0,0,0,0,0
0xfe0e,0,0,0,0,0
0x16f08,0,0,0,0,0
0x1e1c7,0,0,0,0,0
0x24350,0,0,0,0,0
0x47c3,0,0,0,0,0
0x1c66e,0,0,0,0,0
0xb6be,0,0,0,0,0
0x16908,0,0,0,0,0
0xa3f8,0,0,0,0,0
0x7e42,0,0,0,0,0
0x1d062,0,0,0,0,0
0x232c2,0,0,0,0,0
0xad11,0,0,0,0,0
0x1e7a5,0,0,0,0,0
0x1fa29,0,0,0,0,0
0x21f5f,0,0,0,0,0
0x18e60,0,0,0,0,0
0x1ecfd,0,0,0,0,0
0x1d296,0,0,0,0,0
0x13163,0,0,0,0,0
0x23b8d,0,0,0,0,0
0x8d98,0,0,0,0,0
0x16ad0,0,0,0,0,0
0x38f5,0,0,0,0,0
0x1a714,0,0,0,0,0
0x9bc1,0,0,0,0,0
0x1fd6e,0,0,0,0,0
0x12ffd,0,0,0,0,0
0x740a,0,0,0,0,0
0x4696,0,0,0,0,0
0x20c70,0,0,0,0,0
0x11fda,0,0,0,0,0
0xe149,0,0,0,0,0
0x13831,0,0,0,0,0
0x673e,0,0,0,0,0
0xc5b3,0,0,0,0,0
0x18615,0,0,0,0,0
0x1ce2b,0,0,0,0,0
0x1cb7f,0,0,0,0,0
0xd5ca,0,0,0,0,0
0x152fc,0,0,0,0,0
0x19e1e,0,0,0,0,0
0x1c65d,0,0,0,0,0
0xbdfa,0,0,0,0,0
0xe9dd,0,0,0,0,0
0x2397d,0,0,0,0,0
0x9960,0,0,0,0,0
0xab6a,0,0,0,0,0
0x17d96,0,0,0,0,0
0x1fb61,0,0,0,0,0
0x9879,0,0,0,0,0
0x8a2f,0,0,0,0,0
0xa261,0,0,0,0,0
0x11fa6,0,0,0,0,0
0xe716,0,0,0,0,0
0x1a926,0,0,0,0,0
0x20647,0,0,0,0,0
0x176f2,0,0,0,0,0
0xf434,0,0,0,0,0
0x2bf4,0,0,0,0,0
0x24e6d,0,0,0,0,0
0x9823,0,0,0,0,0
0xcc19,0,0,0,0,0
0x16972,0,0,0,0,0
0x1b33a,0,0,0,0,0
0x250c6,0,0,0,0,0
0x5270,0,0,0,0,0
0x236a,0,0,0,0,0
0x8fc3,0,0,0,0,0
0x1fd54,0,0,0,0,0
0x1fafa,0,0,0,0,0
0x195a6,0,0,0,0,0
0x6770,0,0,0,0,0
0xa6de,0,0,0,0,0
0xbb9e,0,0,0,0,0
0x8274,0,0,0,0,0
0x8379,0,0,0,0,0
0x1b707,0,0,0,0,0
0xbac7,0,0,0,0,0
0x8c93,0,0,0,0,0
0x14841,0,0,0,0,0
0xbe0f,0,0,0,0,0
0xcadd,0,0,0,0,0
0x109e7,0,0,0,0,0
0xc831,0,0,0,0,0
0x1662a,0,0,0,0,0
0x1ea51,0,0,0,0,0
0x14827,0,0,0,0,0
0x24901,0,0,0,0,0
0x25aee,0,0,0,0,0
0xdbd2,0,0,0,0,0
0x17f11,0,0,0,0,0
0x2051f,0,0,0,0,0
0x25e8b,0,0,0,0,0
0x9c2b,0,0,0,0,0
0x1e56b,0,0,0,0,0
0xa1e2,0,0,0,0,0
0xcdeb,0,0,0,0,0
0x1e7c3,0,0,0,0,0
0x21b05,0,0,0,0,0
0x22087,0,0,0,0,0
0x1b794,0,0,0,0,0
0x220f9,0,0,0,0,0
0x1c5ae,0,0,0,0,0
0x8563,0,0,0,0,0
0x1abaf,0,0,0,0,0
0xb15b,0,0,0,0,0
0xe594,0,0,0,0,0
0x1cfac,0,0,0,0,0
0x121c8,0,0,0,0,0
0x162df,0,0,0,0,0
0x19305,0,0,0,0,0
0x41da,0,0,0,0,0
0xbebb,0,0,0,0,0
0x2c1a,0,0,0,0,0
0x23d72,0,0,0,0,0
0x1a349,0,0,0,0,0
0x15979,0,0,0,0,0
0x1ba2b,0,0,0,0,0
0x6847,0,0,0,0,0
0x6cc7,0,0,0,0,0
0x23179,0,0,0,0,0
0x13243,0,0,0,0,0
0xd3da,0,0,0,0,0
0x1ff63,0,0,0,0,0
0x23eba,0,0,0,0,0
0x23a8,0,0,0,0,0
0x12d1f,0,0,0,0,0
0x3edd,0,0,0,0,0
0x14b9e,0,0,0,0,0
0x21fcc,0,0,0,0,0
0x7d35,0,0,0,0,0
0x7577,0,0,0,0,0
0x13628,0,0,0,0,0
0x22fac,0,0,0,0,0
0x12677,0,0,0,0,0
0x138a6,0,0,0,0,0
0x1472e,0,0,0,0,0
0x4523,0,0,0,0,0
0x9b30,0,0,0,0,0
0x21f7e,0,0,0,0,0
0x21ec4,0,0,0,0,0
0x1dbb8,0,0,0,0,0
0x108d5,0,0,0,0,0
0xda24,0,0,0,0,0
0x5e70,0,0,0,0,0
0x15e5f,0,0,0,0,0
0x1bfde,0,0,0,0,0
0xd747,0,0,0,0,0
0xbae3,0,0,0,0,0
0x69d5,0,0,0,0,0
0x1783,0,0,0,0,0
0x10367,0,0,0,0,0
0x16d5e,0,0,0,0,0
0x13ff5,0,0,0,0,0
0x25e36,0,0,0,0,0
0x1943a,0,0,0,0,0
0x180cc,0,0,0,0,0
0x19b0,0,0,0,0,0
0x20e7f,0,0,0,0,0
0x13160,0,0,0,0,0
0x5742,0,0,0,0,0
0x28bc,0,0,0,0,0
0x1a438,0,0,0,0,0
0x20ab2,0,0,0,0,0
0x348a,0,0,0,0,0
0x2504b,0,0,0,0,0
0x70ce,0,0,0,0,0
0x1e519,0,0,0,0,0
0x16f15,0,0,0,0,0
0x1b127,0,0,0,0,0
0x20417,0,0,0,0,0
0x6667,0,0,0,0,0
0xc4bb,0,0,0,0,0
0x6078,0,0,0,0,0
0x1e8ac,0,0,0,0,0
0x19e55,0,0,0,0,0
0x21e22,0,0,0,0,0
0xe886,0,0,0,0,0
0xd4fa,0,0,0,0,0
0x21ba,0,0,0,0,0
0x74a0,0,0,0,0,0
0x4bd9,0,0,0,0,0
0x1fd6b,0,0,0,0,0
0x22fa1,0,0,0,0,0
0x2979,0,0,0,0,0
0x1f26b,0,0,0,0,0
0x17113,0,0,0,0,0
0x21ce3,0,0,0,0,0
0x1c5f6,0,0,0,0,0
0xd48e,0,0,0,0,0
0xa072,0,0,0,0,0
0x18703,0,0,0,0,0
0xe634,0,0,0,0,0
0x33a8,0,0,0,0,0
0x1dbb0,0,0,0,0,0
0x10d59,0,0,0,0,0
0x2174,0,0,0,0,0
0xc699,0,0,0,0,0
0x9331,0,0,0,0,0
0x1783f,0,0,0,0,0
0x23202,0,0,0,0,0
0x15a0f,0,0,0,0,0
0x14e6f,0,0,0,0,0
0x1e9c7,0,0,0,0,0
0x9b1b,0,0,0,0,0
0xae15,0,0,0,0,0
0x1d57b,0,0,0,0,0
0x7c4e,0,0,0,0,0
0x1d455,0,0,0,0,0
0x18cb2,0,0,0,0,0
0x8d96,0,0,0,0,0
0xb03c,0,0,0,0,0
0x129a4,0,0,0,0,0
0x25eea,0,0,0,0,0
0x14ea4,0,0,0,0,0
0x25a0f,0,0,0,0,0
0x12e49,0,0,0,0,0
0x1ccea,0,0,0,0,0
0x1b15b,0,0,0,0,0
0x2013a,0,0,0,0,0
0x25f57,0,0,0,0,0
0x1a062,0,0,0,0,0
0x1fbd8,0,0,0,0,0
0x18c99,0,0,0,0,0
0xcee7,0,0,0,0,0
0x13642,0,0,0,0,0
0x1151e,0,0,0,0,0
0x63fc,0,0,0,0,0
0x192ea,0,0,0,0,0
0x9a95,0,0,0,0,0
0xc345,0,0,0,0,0
0x1b036,0,0,0,0,0
0x21add,0,0,0,0,0
0xbbf5,0,0,0,0,0
0x12bdd,0,0,0,0,0
0x1dc16,0,0,0,0,0
0xd365,0,0,0,0,0
0x20431,0,0,0,0,0
0x77ff,0,0,0,0,0
0x140ff,0,0,0,0,0
0x1ddbd,0,0,0,0,0
0x20002,0,0,0,0,0
0x18d5d,0,0,0,0,0
0x61e8,0,0,0,0,0
0x246b4,0,0,0,0,0
0xe2c5,0,0,0,0,0
0x980c,0,0,0,0,0
0x13fd5,0,0,0,0,0
0x1493e,0,0,0,0,0
0x16d23,0,0,0,0,0
0x1239c,0,0,0,0,0
0xe559,0,0,0,0,0
0x97da,0,0,0,0,0
0xd62d,0,0,0,0,0
0x1df7a,0,0,0,0,0
0xa536,0,0,0,0,0
0x1d90f,0,0,0,0,0
0x71e4,0,0,0,0,0
0x16a10,0,0,0,0,0
0x72c1,0,0,0,0,0
0xc56c,0,0,0,0,0
0x16c1a,0,0,0,0,0
0x18ea6,0,0,0,0,0
0xbb67,0,0,0,0,0
0x27bc,0,0,0,0,0
0x1c5b4,0,0,0,0,0
0x191d1,0,0,0,0,0
0x16d0d,0,0,0,0,0
0x1b984,0,0,0,0,0
0x1dcc2,0,0,0,0,0
0xac05,0,0,0,0,0
0x87c1,0,0,0,0,0
0x17392,0,0,0,0,0
0x242e5,0,0,0,0,0
0x20532,0,0,0,0,0
0x1744e,0,0,0,0,0
0x2ff1,0,0,0,0,0
0x5262,0,0,0,0,0
0xf4bd,0,0,0,0,0
0x28ba,0,0,0,0,0
0x529e,0,0,0,0,0
0x1a61a,0,0,0,0,0
0x1ba20,0,0,0,0,0
0x1a919,0,0,0,0,0
0x10280,0,0,0,0,0
0x13a48,0,0,0,0,0
0xe45c,0,0,0,0,0
0x144d6,0,0,0,0,0
0x23985,0,0,0,0,0
0x302b,0,0,0,0,0
0x30eb,0,0,0,0,0
0x18bd9,0,0,0,0,0
0x17b5d,0,0,0,0,0
0xd728,0,0,0,0,0
0x250b1,0,0,0,0,0
0x1fe52,0,0,0,0,0
0x3c4f,0,0,0,0,0
0x10463,0,0,0,0,0
0xf7e0,0,0,0,0,0
0x25aab,0,0,0,0,0
0xf12d,0,0,0,0,0
0x2027b,0,0,0,0,0
0x1584a,0,0,0,0,0
0x9aa1,0,0,0,0,0
0x25823,0,0,0,0,0
0x3a94,0,0,0,0,0
0x22005,0,0,0,0,0
0x17386,0,0,0,0,0
0x10ada,0,0,0,0,0
0x22c73,0,0,0,0,0
0x20efe,0,0,0,0,0
0x1ca33,0,0,0,0,0
0x6379,0,0,0,0,0
0x2237f,0,0,0,0,0
0x19eb,0,0,0,0,0
0x12624,0,0,0,0,0
0x19cbd,0,0,0,0,0
0x1f40,0,0,0,0,0
0x11941,0,0,0,0,0
0x2fe9,0,0,0,0,0
0x25ace,0,0,0,0,0
0x211b7,0,0,0,0,0
0xe6ef,0,0,0,0,0
0x25371,0,0,0,0,0
0x136c4,0,0,0,0,0
0xd569,0,0,0,0,0
0xf39d,0,0,0,0,0
0x1b69a,0,0,0,0,0
0x13d79,0,0,0,0,0
0xf7af,0,0,0,0,0
0x54c8,0,0,0,0,0
0x7c28,0,0,0,0,0
0xa814,0,0,0,0,0
0x1311a,0,0,0,0,0
0x1e0ae,0,0,0,0,0
0x1a661,0,0,0,0,0
0x13794,0,0,0,0,0
0x19972,0,0,0,0,0
0x170e5,0,0,0,0,0
0x12639,0,0,0,0,0
0xb7a8,0,0,0,0,0
0x1079b,0,0,0,0,0
0x6bc5,0,0,0,0,0
0xf920,0,0,0,0,0
0x5f49,0,0,0,0,0
0x25b5d,0,0,0,0,0
0x20005,0,0,0,0,0
0xe5e0,0,0,0,0,0
0x118f3,0,0,0,0,0
0xd70c,0,0,0,0,0
0x12279,0,0,0,0,0
0x2210a,0,0,0,0,0
0x1f896,0,0,0,0,0
0x50b5,0,0,0,0,0
0x13dbe,0,0,0,0,0
0x1229d,0,0,0,0,0
0xd8ba,0,0,0,0,0
0xf891,0,0,0,0,0
0x252be,0,0,0,0,0
0x197e7,0,0,0,0,0
0x1c942,0,0,0,0,0
0xc84a,0,0,0,0,0
0x88e0,0,0,0,0,0
0x204e5,0,0,0,0,0
0x47b6,0,0,0,0,0
0x1f0f3,0,0,0,0,0
0x7435,0,0,0,0,0
0x5d0a,0,0,0,0,0
0xcb3a,0,0,0,0,0
0x1a3ee,0,0,0,0,0
0x10040,0,0,0,0,0
0x22f4e,0,0,0,0,0
0x18981,0,0,0,0,0
0xa3c8,0,0,0,0,0
0x18b7a,0,0,0,0,0
0x1ed29,0,0,0,0,0
0x103b6,0,0,0,0,0
0x1946d,0,0,0,0,0
0x175c5,0,0,0,0,0
0x1d72a,0,0,0,0,0
0x1dda5,0,0,0,0,0
0xceb6,0,0,0,0,0
0x230e2,0,0,0,0,0
0x2445c,0,0,0,0,0
0x5ab0,0,0,0,0,0
0x1bbb3,0,0,0,0,0
0x16d0a,0,0,0,0,0
0x15dec,0,0,0,0,0
0x15a08,0,0,0,0,0
0x15982,0,0,0,0,0
0x22770,0,0,0,0,0
0x18219,0,0,0,0,0
0x6cb0,0,0,0,0,0
0x5e72,0,0,0,0,0
0x2d18,0,0,0,0,0
0x2bdb,0,0,0,0,0
0x11412,0,0,0,0,0
0x6759,0,0,0,0,0
0x1f910,0,0,0,0,0
0x338b,0,0,0,0,0
0x18a43,0,0,0,0,0
0x1f43,0,0,0,0,0
0x143c0,0,0,0,0,0
0x23cb5,0,0,0,0,0
0x5648,0,0,0,0,0
0x10f8c,0,0,0,0,0
0xdfe9,0,0,0,0,0
0x2f33,0,0,0,0,0
0x1da08,0,0,0,0,0
0x2f49,0,0,0,0,0
0x1236b,0,0,0,0,0
0x330b,0,0,0,0,0
0x5c24,0,0,0,0,0
0x17bac,0,0,0,0,0
0x42a8,0,0,0,0,0
0x1375f,0,0,0,0,0
0x176e4,0,0,0,0,0
0x4626,0,0,0,0,0
0x15adb,0,0,0,0,0
0x11416,0,0,0,0,0
0x1269d,0,0,0,0,0
0x21ae6,0,0,0,0,0
0xcb18,0,0,0,0,0
0x752c,0,0,0,0,0
0x1f430,0,0,0,0,0
0x39de,0,0,0,0,0
0x162e0,0,0,0,0,0
0x5d31,0,0,0,0,0
0x20e75,0,0,0,0,0
0x407d,0,0,0,0,0
0x24bab,0,0,0,0,0
0x11e5a,0,0,0,0,0
0x194a0,0,0,0,0,0
0x18f50,0,0,0,0,0
0x165ea,0,0,0,0,0
0x3f77,0,0,0,0,0
0x17024,0,0,0,0,0
0x1dcad,0,0,0,0,0
0x240a9,0,0,0,0,0
0x1445a,0,0,0,0,0
0x715f,0,0,0,0,0
0x12ddb,0,0,0,0,0
0x90e5,0,0,0,0,0
0x1b7ac,0,0,0,0,0
0x1565c,0,0,0,0,0
0x16ae8,0,0,0,0,0
0x19a55,0,0,0,0,0
0x747c,0,0,0,0,0
0x1aef7,0,0,0,0,0
0x20001,0,0,0,0,0
0x20cfd,0,0,0,0,0
0x25ea5,0,0,0,0,0
0x20117,0,0,0,0,0
0x10c0e,0,0,0,0,0
0x129ed,0,0,0,0,0
0x1a378,0,0,0,0,0
0x165ec,0,0,0,0,0
0x1c7d8,0,0,0,0,0
0x1f9ae,0,0,0,0,0
0x3e7a,0,0,0,0,0
0xe055,0,0,0,0,0
0xfb22,0,0,0,0,0
0x199e9,0,0,0,0,0
0xec0c,0,0,0,0,0
0x16ae7,0,0,0,0,0
0x20ab3,0,0,0,0,0
0x20ea3,0,0,0,0,0
0x9fa3,0,0,0,0,0
0x8fad,0,0,0,0,0
0x6579,0,0,0,0,0
0x20adf,0,0,0,0,0
0x5662,0,0,0,0,0
0xdd5e,0,0,0,0,0
0x23286,0,0,0,0,0
0x1aaa8,0,0,0,0,0
0x13b79,0,0,0,0,0
0xec4a,0,0,0,0,0
0x17c32,0,0,0,0,0
0x2444f,0,0,0,0,0
0x23f34,0,0,0,0,0
0x19306,0,0,0,0,0
0x24900,0,0,0,0,0
0x10f7d,0,0,0,0,0
0x17586,0,0,0,0,0
0x1c689,0,0,0,0,0
0x8087,0,0,0,0,0
0x1f765,0,0,0,0,0
0x20f4d,0,0,0,0,0
0x12ac4,0,0,0,0,0
0x1d5d1,0,0,0,0,0
0x25427,0,0,0,0,0
0x25127,0,0,0,0,0
0x112b6,0,0,0,0,0
0x896a,0,0,0,0,0
0x4763,0,0,0,0,0
0x140d0,0,0,0,0,0
0x192d9,0,0,0,0,0
0x788b,0,0,0,0,0
0x18740,0,0,0,0,0
0x2311e,0,0,0,0,0
0x25962,0,0,0,0,0
0x174ca,0,0,0,0,0
0x22457,0,0,0,0,0
0x1bf22,0,0,0,0,0
0x14326,0,0,0,0,0
0x228af,0,0,0,0,0
0x188ff,0,0,0,0,0
0x16959,0,0,0,0,0
0x1b09c,0,0,0,0,0
0x14a3a,0,0,0,0,0
0x17814,0,0,0,0,0
0x7c98,0,0,0,0,0
0xcb1c,0,0,0,0,0
0x19f3f,0,0,0,0,0
0x15743,0,0,0,0,0
0x25d54,0,0,0,0,0
0x2468a,0,0,0,0,0
0x1f5a5,0,0,0,0,0
0x245c2,0,0,0,0,0
0x12b33,0,0,0,0,0
0x1c9ac,0,0,0,0,0
0x8150,0,0,0,0,0
0x13546,0,0,0,0,0
0x1bcf6,0,0,0,0,0
0xefa8,0,0,0,0,0
0x161db,0,0,0,0,0
0x1dfb6,0,0,0,0,0
0x1bd34,0,0,0,0,0
0xf34e,0,0,0,0,0
0x19069,0,0,0,0,0
0xdb9d,0,0,0,0,0
0xcb1d,0,0,0,0,0
0xa04c,0,0,0,0,0
0x16757,0,0,0,0,0
0x2050e,0,0,0,0,0
0x4bcc,0,0,0,0,0
0x2326f,0,0,0,0,0
0x19278,0,0,0,0,0
0x7208,0,0,0,0,0
0x2439b,0,0,0,0,0
0x15bd8,0,0,0,0,0
0x4a33,0,0,0,0,0
0x4dda,0,0,0,0,0
0x1760,0,0,0,0,0
0x14e7a,0,0,0,0,0
0x151a1,0,0,0,0,0
0x4ad9,0,0,0,0,0
0x15eab,0,0,0,0,0
0x281e,0,0,0,0,0
0xd2c9,0,0,0,0,0
0x10d0f,0,0,0,0,0
0x250ac,0,0,0,0,0
0x1bb77,0,0,0,0,0
0x7135,0,0,0,0,0
0x19005,0,0,0,0,0
0x6241,0,0,0,0,0
0x119b6,0,0,0,0,0
0x170a1,0,0,0,0,0
0x14ade,0,0,0,0,0
0xe56e,0,0,0,0,0
0xce53,0,0,0,0,0
0x158cc,0,0,0,0,0
0xed16,0,0,0,0,0
0xb6c2,0,0,0,0,0
0x10a35,0,0,0,0,0
0x11202,0,0,0,0,0
0xed5c,0,0,0,0,0
0x20918,0,0,0,0,0
0x1b091,0,0,0,0,0
0x8988,0,0,0,0,0
0x1173b,0,0,0,0,0
0x15cfa,0,0,0,0,0
0x1ce5f,0,0,0,0,0
0x1aed1,0,0,0,0,0
0x129d7,0,0,0,0,0
0x20fd6,0,0,0,0,0
0x18b11,0,0,0,0,0
0xf8d8,0,0,0,0,0
0x1c140,0,0,0,0,0
0x1cd28,0,0,0,0,0
0x162cb,0,0,0,0,0
0x6d3f,0,0,0,0,0
0x17cac,0,0,0,0,0
0x18097,0,0,0,0,0
0x1271b,0,0,0,0,0
0x2114e,0,0,0,0,0
0x10a9a,0,0,0,0,0
0x8b8b,0,0,0,0,0
0x119b3,0,0,0,0,0
0x2004,0,0,0,0,0
0x14d80,0,0,0,0,0
0xb49a,0,0,0,0,0
0x220f6,0,0,0,0,0
0xfe0a,0,0,0,0,0
0x1b81c,0,0,0,0,0
0x238ba,0,0,0,0,0
0xabbd,0,0,0,0,0
0x1e264,0,0,0,0,0
0xc0e0,0,0,0,0,0
0x1bb01,0,0,0,0,0
0x21a97,0,0,0,0,0
0x6eb6,0,0,0,0,0
0xd192,0,0,0,0,0
0x4a6f,0,0,0,0,0
0x4c06,0,0,0,0,0
0x18e6d,0,0,0,0,0
0xdcbb,0,0,0,0,0
0x10399,0,0,0,0,0
0x1af19,0,0,0,0,0
0x1ea14,0,0,0,0,0
0x13693,0,0,0,0,0
0x5d38,0,0,0,0,0
0x60a8,0,0,0,0,0
0x1fb8a,0,0,0,0,0
0x8f2f,0,0,0,0,0
0xe87e,0,0,0,0,0
0x1f904,0,0,0,0,0
0x1f513,0,0,0,0,0
0x22547,0,0,0,0,0
0x23c41,0,0,0,0,0
0xab1e,0,0,0,0,0
0x1eae1,0,0,0,0,0
0x51a4,0,0,0,0,0
0x1c7cc,0,0,0,0,0
0x203fd,0,0,0,0,0
0x784e,0,0,0,0,0
0x5b7d,0,0,0,0,0
0x3c3a,0,0,0,0,0
0x18d05,0,0,0,0,0
0xa879,0,0,0,0,0
0xb76b,0,0,0,0,0
0x20a39,0,0,0,0,0
0x224cd,0,0,0,0,0
0xa8a9,0,0,0,0,0
0x1d4f1,0,0,0,0,0
0x159ee,0,0,0,0,0
0x1ba62,0,0,0,0,0
0x1b768,0,0,0,0,0
0x167c5,0,0,0,0,0
0x419a,0,0,0,0,0
0xc98e,0,0,0,0,0
0x15369,0,0,0,0,0
0x196af,0,0,0,0,0
0x9673,0,0,0,0,0
0x24985,0,0,0,0,0
0x1d5b8,0,0,0,0,0
0x15769,0,0,0,0,0
0x2243c,0,0,0,0,0
0xd37f,0,0,0,0,0
0x16ea3,0,0,0,0,0
0x150f8,0,0,0,0,0
0x16243,0,0,0,0,0
0xfb25,0,0,0,0,0
0x1dfd9,0,0,0,0,0
0x8d54,0,0,0,0,0
0x1ea73,0,0,0,0,0
0x199d0,0,0,0,0,0
0x1f2b5,0,0,0,0,0
0x2435e,0,0,0,0,0
0x4ba9,0,0,0,0,0
0x3e9a,0,0,0,0,0
0x1b050,0,0,0,0,0
0xc2ca,0,0,0,0,0
0x72fc,0,0,0,0,0
0x10068,0,0,0,0,0
0x242c0,0,0,0,0,0
0x22d0f,0,0,0,0,0
0x1e45c,0,0,0,0,0
0x10942,0,0,0,0,0
0x1d5f7,0,0,0,0,0
0x1ebdd,0,0,0,0,0
0x9129,0,0,0,0,0
0x1272d,0,0,0,0,0
0xa2fa,0,0,0,0,0
0x159a9,0,0,0,0,0
0x20832,0,0,0,0,0
0xf4a0,0,0,0,0,0
0x18c2b,0,0,0,0,0
0x1eefe,0,0,0,0,0
0xd0c9,0,0,0,0,0
0x2162f,0,0,0,0,0
0x14b15,0,0,0,0,0
0xa5a3,0,0,0,0,0
0x5588,0,0,0,0,0
0x1c19f,0,0,0,0,0
0x42bc,0,0,0,0,0
0x258d,0,0,0,0,0
0xd126,0,0,0,0,0
0x14ad8,0,0,0,0,0
0x3e22,0,0,0,0,0
0x161e4,0,0,0,0,0
0x1c779,0,0,0,0,0
0x1934c,0,0,0,0,0
0x12f19,0,0,0,0,0
0x1454d,0,0,0,0,0
0x206f5,0,0,0,0,0
0x23e7f,0,0,0,0,0
0x10afc,0,0,0,0,0
0x1f27,0,0,0,0,0
0x165bc,0,0,0,0,0
0x18b84,0,0,0,0,0
0x2349d,0,0,0,0,0
0x3c5d,0,0,0,0,0
0x16e77,0,0,0,0,0
0xe39f,0,0,0,0,0
0x4ea8,0,0,0,0,0
0x1b1a2,0,0,0,0,0
0x1d989,0,0,0,0,0
0x1d4bb,0,0,0,0,0
0x181b7,0,0,0,0,0
0x2093,0,0,0,0,0
0x125a0,0,0,0,0,0
0xaf56,0,0,0,0,0
0x1bb3f,0,0,0,0,0
0xeb5b,0,0,0,0,0
0x22576,0,0,0,0,0
0x7674,0,0,0,0,0
0xe51b,0,0,0,0,0
0x1ed65,0,0,0,0,0
0x24505,0,0,0,0,0
0x491f,0,0,0,0,0
0x1bb3b,0,0,0,0,0
0x7a8f,0,0,0,0,0
0x353b,0,0,0,0,0
0xd242,0,0,0,0,0
0x20b93,0,0,0,0,0
0x560b,0,0,0,0,0
0x1ab99,0,0,0,0,0
0xe142,0,0,0,0,0
0x2468b,0,0,0,0,0
0x1e74e,0,0,0,0,0
0x12435,0,0,0,0,0
0x25969,0,0,0,0,0
0x16acc,0,0,0,0,0
0x184e8,0,0,0,0,0
0x1a3c3,0,0,0,0,0
0x2586,0,0,0,0,0
0x12ca4,0,0,0,0,0
0x97e7,0,0,0,0,0
0xb4d4,0,0,0,0,0
0x24570,0,0,0,0,0
0x248dc,0,0,0,0,0
0xe0e9,0,0,0,0,0
0xae66,0,0,0,0,0
0x1d36a,0,0,0,0,0
0x16524,0,0,0,0,0
0x12ee9,0,0,0,0,0
0x2e7c,0,0,0,0,0
0x2159b,0,0,0,0,0
0x2812,0,0,0,0,0
0x19d64,0,0,0,0,0
0x22c26,0,0,0,0,0
0x13eee,0,0,0,0,0
0x10a02,0,0,0,0,0
0x23b70,0,0,0,0,0
0x6741,0,0,0,0,0
0x2503f,0,0,0,0,0
0x232b9,0,0,0,0,0